establecimiento,tipo,calle,altura,piso_dpto,cruce,barrio_localidad,partido_comuna,provincia_region,pais,LatLong,preservativos,testeo,vacunatorio,infectologia,tel_testeo,horario_testeo,web_testeo,mail_testeo,responsable_testeo,observaciones_testeo,tel_distrib,horario_distrib,responsable_distrib,web_distrib,mail_distrib,ubicación_distrib,comentarios_distrib,tel_infectologia,mail_infectologia,responsable_infectologia,tel_vac,mail_vac,responsable_vac
Amerika,Disco,Gascón,1040,,,Almagro,Almagro,CABA,Argentina,,SI,NO,NO,NO,,,,,,,,,,http://www.buenosaires.gob.ar/areas/salud/sida/,,,,,,,,,
Ammar Capital,,Carlos Calvo,2365,1,,San Cristóbal,San Cristóbal,CABA,Argentina,,SI,NO,NO,NO,,,,,,,4308-1001,,,http://www.buenosaires.gob.ar/areas/salud/sida/,,,,,,,,,
Argentina Gay Radio,Radio,Av. Independencia,2041,12 F,,San Cristóbal,San Cristóbal,CABA,Argentina,,SI,NO,NO,NO,,,,,,,,,,http://www.buenosaires.gob.ar/areas/salud/sida/,,,,,,,,,
Asociación Benghalensis,Asociación,Av. Leopoldo Marechal,830,,,Villa Crespo,Villa Crespo,CABA,Argentina,,SI,NO,NO,NO,,,,,,,4982-0199,,,http://www.buenosaires.gob.ar/areas/salud/sida/,,,,,,,,,
Asociación Civil Acción Solidaria,Asociación,,sin número,,,Barrio Illia,Barrio Illia,CABA,Argentina,,SI,NO,NO,NO,,,,,,,,,,http://www.buenosaires.gob.ar/areas/salud/sida/,,,,,,,,,
Asociación Civil Amor Al Niño,Asociación,,sin número,,,Villa 15 (ciudad Oculta),Villa 15 (ciudad Oculta),CABA,Argentina,,SI,NO,NO,NO,,,,,,,,,,http://www.buenosaires.gob.ar/areas/salud/sida/,,,,,,,,,
Asociación Civil Bajo Flores,Asociación,,sin número,,,Barrio Rivadavia,Barrio Rivadavia,CABA,Argentina,,SI,NO,NO,NO,,,,,,,,,,http://www.buenosaires.gob.ar/areas/salud/sida/,,,,,,,,,
Asociación Civil Bandera Solidaria,Asociación,Sarandí,1089,,,San Cristóbal,San Cristóbal,CABA,Argentina,,SI,NO,NO,NO,,,,,,,4942-6137,,,http://www.buenosaires.gob.ar/areas/salud/sida/,,,,,,,,,
Asociación Civil Centro De Estudios Y Participación De La Comunidad,Asociación,Pasco,1331,,,San Cristóbal,San Cristóbal,CABA,Argentina,,SI,NO,NO,NO,,,,,,,4308-2987,,,http://www.buenosaires.gob.ar/areas/salud/sida/,,,,,,,,,
Asociación Civil Ciudad Luz Acción Solidaria,Asociación,,sin número,,,Villa 15 (ciudad Oculta),Villa 15 (ciudad Oculta),CABA,Argentina,,SI,NO,NO,NO,,,,,,,,,,http://www.buenosaires.gob.ar/areas/salud/sida/,,,,,,,,,
Asociación Civil Gondolín,Asociación,Aráoz,924,1,,Villa Crespo,Villa Crespo,CABA,Argentina,,SI,NO,NO,NO,,,,,,,,,,http://www.buenosaires.gob.ar/areas/salud/sida/,,,,,,,,,
Asociación Civil La Colonia,Asociación,Australia,2757,,,Barracas,Barracas,CABA,Argentina,,SI,NO,NO,NO,,,,,,,,,,http://www.buenosaires.gob.ar/areas/salud/sida/,,,,,,,,,
Asociación Civil Soldati Siglo Xxi,Asociación,Mariano Acosta,3497,,,Villa Soldati,Villa Soldati,CABA,Argentina,,SI,NO,NO,NO,,,,,,,4918-3592,,,http://www.buenosaires.gob.ar/areas/salud/sida/,,,,,,,,,
Asociación Civil Sud América,Asociación,Balboa,276,,,Chacarita,Chacarita,CABA,Argentina,,SI,NO,NO,NO,,,,,,,,,,http://www.buenosaires.gob.ar/areas/salud/sida/,,,,,,,,,
Asociación De Lucha Por La Identidad Travesti Y Transexual - Alitt,Asociación,Av. Rivadavia,2057,10,,Balvanera,Balvanera,CABA,Argentina,,SI,NO,NO,NO,,,,,,,4953-7942,,,http://www.buenosaires.gob.ar/areas/salud/sida/,,,,,,,,,
Asociación De Mujeres Meretrices De La Argentina-ammar,Asociación,Piedras,1067,,,Constitución,Constitución,CABA,Argentina,,SI,NO,NO,NO,,,,,,,4307-8100,,,http://www.buenosaires.gob.ar/areas/salud/sida/,,,,,,,,,
Asociación El Otro Soy Yo,Asociación,Av. Del Barco Centenera,3213,,,Pompeya,Pompeya,CABA,Argentina,,SI,NO,NO,NO,,,,,,,,,,http://www.buenosaires.gob.ar/areas/salud/sida/,,,,,,,,,
"Asociacion El Trapito - Defensoria De Niñas, Niños Y Adolescentes",Asociación,Olavarría,601,,,La Boca,La Boca,CABA,Argentina,,SI,NO,NO,NO,,,,,,,4302-2141,,,http://www.buenosaires.gob.ar/areas/salud/sida/,,,,,,,,,
Asociación Miguel Bru,Asociación,Parque Patricios,3555,,,Parque Patricios,Parque Patricios,CABA,Argentina,,SI,NO,NO,NO,,,,,,,,,,http://www.buenosaires.gob.ar/areas/salud/sida/,,,,,,,,,
Asociación Protección Familiar,Asociación,,sin número,,,Villa 15 (ciudad Oculta),Villa 15 (ciudad Oculta),CABA,Argentina,,SI,NO,NO,NO,,,,,,,,,,http://www.buenosaires.gob.ar/areas/salud/sida/,,,,,,,,,
Asociación Vientos Libres Del Sur,Asociación,,sin número,,,Villa 21/24,Villa 21/24,CABA,Argentina,,SI,NO,NO,NO,,,,,,,,,,http://www.buenosaires.gob.ar/areas/salud/sida/,,,,,,,,,
"Attta - Asociación Travestis, Transexuales, Transgénero Argentinas",Asociación,Av. Callao,339,5,,Congreso,Congreso,CABA,Argentina,,SI,NO,NO,NO,,,,,,,5032-6335,,,http://www.buenosaires.gob.ar/areas/salud/sida/,,,,,,,,,
Bar Piay,,Salta,1495,,,Constitución,Constitución,CABA,Argentina,,SI,NO,NO,NO,,,,,,,,,,http://www.buenosaires.gob.ar/areas/salud/sida/,,,,,,,,,
Biblioteca En Lucha Por El Barrio Piedra Buena 2 De Abril De 1982 6730,Biblioteca Popular,2 De Abril De 1982,6730,,,Barrio Piedrabuena,Barrio Piedrabuena,CABA,Argentina,,SI,NO,NO,NO,,,,,,,,,,http://www.buenosaires.gob.ar/areas/salud/sida/,,,,,,,,,
Biblioteca Popular De La Boca,Biblioteca Popular,Dr. Del Valle Iberlucea,1158,,,La Boca,La Boca,CABA,Argentina,,SI,NO,NO,NO,,,,,,,,,,http://www.buenosaires.gob.ar/areas/salud/sida/,,,,,,,,,
Biblioteca Popular El Progreso,Biblioteca Popular,Av. Riestra,5655,,,Villa Lugano,Villa Lugano,CABA,Argentina,,SI,NO,NO,NO,,,,,,,4602-7470,,,http://www.buenosaires.gob.ar/areas/salud/sida/,,,,,,,,,
Bomberos Voluntarios De La Boca,,Garibaldi,2048,,,La Boca,La Boca,CABA,Argentina,,SI,NO,NO,NO,,,,,,,,,,http://www.buenosaires.gob.ar/areas/salud/sida/,,,,,,,,,
C.A.F. Nº 8,,Av. Luis Piedrabuena 6741,sin número,,,Barrio Piedrabuena,Barrio Piedrabuena,CABA,Argentina,,SI,NO,NO,NO,,,,,,,4601-4727,,,http://www.buenosaires.gob.ar/areas/salud/sida/,,,,,,,,,
"Casa De Niños, Niñas Y Adolescentes De La Boca",Casa,Gral. Gregorio Aráoz De Lamadrid,1100,,,La Boca,La Boca,CABA,Argentina,,SI,NO,NO,NO,,,,,,,4302-9317,,,http://www.buenosaires.gob.ar/areas/salud/sida/,,,,,,,,,
Casa Del Niño Y El Adolescente Barracas,Casa,,sin número,,,Villa 21/24,Villa 21/24,CABA,Argentina,,SI,NO,NO,NO,,,,,,,,,,http://www.buenosaires.gob.ar/areas/salud/sida/,,,,,,,,,
Casa Vela,Casa,Parque Patricios,239,,,Parque Patricios,Parque Patricios,CABA,Argentina,,SI,NO,NO,NO,,,,,,,4911-6872,,,http://www.buenosaires.gob.ar/areas/salud/sida/,,,,,,,,,
Casona Cultural De Humahuaca,Casa,Humahuaca,3508,,,Balvanera,Balvanera,CABA,Argentina,,SI,NO,NO,NO,,,,,,,4862-5369,,,http://www.buenosaires.gob.ar/areas/salud/sida/,,,,,,,,,
Cefomar,,Chile,1432,,,Montserrat,Montserrat,CABA,Argentina,,SI,NO,NO,NO,,,,,,,4312-0312,,,http://www.buenosaires.gob.ar/areas/salud/sida/,,,,,,,,,
Cenareso,,Combate De Los Pozos,2133,,,Parque Patricios,Parque Patricios,CABA,Argentina,,SI,NO,NO,NO,,,,,,,4305-0091 int. 136,,,http://www.buenosaires.gob.ar/areas/salud/sida/,,,,,,,,,
Cens Nº 71,,Mariano Acosta,2976,,,Villa Soldati,Villa Soldati,CABA,Argentina,,SI,NO,NO,NO,,,,,,,4919-7109,,,http://www.buenosaires.gob.ar/areas/salud/sida/,,,,,,,,,
Centro Comunitario Dignidad Y Solidaridad,Centro Comunitario,Lima,1927,,,Constitución,Constitución,CABA,Argentina,,SI,NO,NO,NO,,,,,,,,,,http://www.buenosaires.gob.ar/areas/salud/sida/,,,,,,,,,
Centro Comunitario Nº 2,Centro Comunitario,Av. De Los Corrales,6443,,,Mataderos,Mataderos,CABA,Argentina,,SI,NO,NO,NO,,,,,,,4686-2026,,,http://www.buenosaires.gob.ar/areas/salud/sida/,,,,,,,,,
Centro Comunitario Nuestra Señora De Luján,Centro Comunitario,,sin número,,,Villa 1-11-14,Villa 1-11-14,CABA,Argentina,,SI,NO,NO,NO,,,,,,,,,,http://www.buenosaires.gob.ar/areas/salud/sida/,,,,,,,,,
Centro Comunitario Nueva Era,Centro Comunitario,José A. Cortejarena,1902,,,Constitución,Constitución,CABA,Argentina,,SI,NO,NO,NO,,,,,,,4302-8151,,,http://www.buenosaires.gob.ar/areas/salud/sida/,,,,,,,,,
Centro Comunitario Resplandor Del Sur,Centro Comunitario,Virrey Cevallos,1755,,,Constitución,Constitución,CABA,Argentina,,SI,NO,NO,NO,,,,,,,,,,http://www.buenosaires.gob.ar/areas/salud/sida/,,,,,,,,,
Centro Conviven,Centro,,sin número,,,Villa 20,Villa 20,CABA,Argentina,,SI,NO,NO,NO,,,,,,,,,,http://www.buenosaires.gob.ar/areas/salud/sida/,,,,,,,,,
Centro Cristiano Glttb,Centro Cristiano,Paraná,157,,,Congreso,Congreso,CABA,Argentina,,SI,NO,NO,NO,,,,,,,4373-8955,,,http://www.buenosaires.gob.ar/areas/salud/sida/,,,,,,,,,
Centro Cultural Adan Buenoayres,Centro Cultural,Av. Asamblea,1200,,,Parque Chacabuco,Parque Chacabuco,CABA,Argentina,,SI,NO,NO,NO,,,,,,,4923-5876,,,http://www.buenosaires.gob.ar/areas/salud/sida/,,,,,,,,,
Centro Cultural Arturo Jauretche,Centro Cultural,Llerena,2617,,,Villa Urquiza,Villa Urquiza,CABA,Argentina,,SI,NO,NO,NO,,,,,,,,,,http://www.buenosaires.gob.ar/areas/salud/sida/,,,,,,,,,
Centro Cultural Carlos Gardel,Centro Cultural,Olleros,3640,,,Chacarita,Chacarita,CABA,Argentina,,SI,NO,NO,NO,,,,,,,4552-4299,,,http://www.buenosaires.gob.ar/areas/salud/sida/,,,,,,,,,
Centro Cultural Centeya,Centro Cultural,Av. San Juan,3255,,,Boedo,Boedo,CABA,Argentina,,SI,NO,NO,NO,,,,,,,4931-9667/4393,,,http://www.buenosaires.gob.ar/areas/salud/sida/,,,,,,,,,
Centro Cultural Chacra De Los Remedios,Centro Cultural,,sin número,,,Parque Avellaneda,Parque Avellaneda,CABA,Argentina,,SI,NO,NO,NO,,,,,,,4636-0904,,,http://www.buenosaires.gob.ar/areas/salud/sida/,,,,,,,,,
Centro Cultural Del Otro Lado,Centro Cultural,Parque Patricios,3033,,,Parque Patricios,Parque Patricios,CABA,Argentina,,SI,NO,NO,NO,,,,,,,,,,http://www.buenosaires.gob.ar/areas/salud/sida/,,,,,,,,,
Centro Cultural Del Sur,Centro Cultural,Av. Caseros,1750,,,Barracas,Barracas,CABA,Argentina,,SI,NO,NO,NO,,,,,,,4306-0301,,,http://www.buenosaires.gob.ar/areas/salud/sida/,,,,,,,,,
Centro Cultural El Eternauta,Centro Cultural,Dr. Eleodoro Lobos,437,,,Caballito,Caballito,CABA,Argentina,,SI,NO,NO,NO,,,,,,,4982-9706,,,http://www.buenosaires.gob.ar/areas/salud/sida/,,,,,,,,,
Centro Cultural El Perro,Centro Cultural,Suárez,3150,,,Barracas,Barracas,CABA,Argentina,,SI,NO,NO,NO,,,,,,,4302-0643,,,http://www.buenosaires.gob.ar/areas/salud/sida/,,,,,,,,,
Centro Cultural Flores Solidario,Centro Cultural,Varela,331,,,Flores,Flores,CABA,Argentina,,SI,NO,NO,NO,,,,,,,4611-5714,,,http://www.buenosaires.gob.ar/areas/salud/sida/,,,,,,,,,
Centro Cultural Fortunato Lacámera,Centro Cultural,Av. San Juan,353,,,San Telmo,San Telmo,CABA,Argentina,,SI,NO,NO,NO,,,,,,,4361-6823,,,http://www.buenosaires.gob.ar/areas/salud/sida/,,,,,,,,,
Centro Cultural Fray Mocho,Centro Cultural,Tte. Gral. Juan Domingo Perón,3644,,,Almagro,Almagro,CABA,Argentina,,SI,NO,NO,NO,,,,,,,4865-9835,,,http://www.buenosaires.gob.ar/areas/salud/sida/,,,,,,,,,
Centro Cultural Juan Carlos Castagnino,Centro Cultural,2 De Abril De 1982,6997,,,Villa Lugano,Villa Lugano,CABA,Argentina,,SI,NO,NO,NO,,,,,,,,DESPUÉS DE LAS 18 HORAS,,http://www.buenosaires.gob.ar/areas/salud/sida/,,,,,,,,,
Centro Cultural La Castorera,Centro Cultural,Av. Córdoba,6237,,,Palermo,Palermo,CABA,Argentina,,SI,NO,NO,NO,,,,,,,4555-4199,,,http://www.buenosaires.gob.ar/areas/salud/sida/,,,,,,,,,
Centro Cultural Marcó Del Pont,Centro Cultural,Gral. José Gervasio Artigas,205,,,Flores,Flores,CABA,Argentina,,SI,NO,NO,NO,,,,,,,4612-2412,,,http://www.buenosaires.gob.ar/areas/salud/sida/,,,,,,,,,
Centro Cultural Plaza Defensa,Centro Cultural,Defensa,535,,,San Telmo,San Telmo,CABA,Argentina,,SI,NO,NO,NO,,,,,,,4342-6610,,,http://www.buenosaires.gob.ar/areas/salud/sida/,,,,,,,,,
Centro De Atención Integral De La Niñez Y La Adolescencia -caina,Centro De Salud,Av. Paseo Colón,1366,,,San Telmo,San Telmo,CABA,Argentina,,SI,NO,NO,NO,,,,,,,4300-2352/8596,,,http://www.buenosaires.gob.ar/areas/salud/sida/,,,,,,,,,
Centro De Jubilados Días Felices,Centro De Jubilados,Inclán,2883,,,Parque Patricios,Parque Patricios,CABA,Argentina,,SI,NO,NO,NO,,,,,,,,,,http://www.buenosaires.gob.ar/areas/salud/sida/,,,,,,,,,
Centro De Jubilados Esperanza Viva,Centro De Jubilados,Av. Chiclana,3065,,,Parque Patricios,Parque Patricios,CABA,Argentina,,SI,NO,NO,NO,,,,,,,,,,http://www.buenosaires.gob.ar/areas/salud/sida/,,,,,,,,,
Centro De Jubilados Feliz Encuentro,Centro De Jubilados,Corrales,1565,,,Pompeya,Pompeya,CABA,Argentina,,SI,NO,NO,NO,,,,,,,,,,http://www.buenosaires.gob.ar/areas/salud/sida/,,,,,,,,,
Centro De Jubilados Feliz Encuentro,Centro De Jubilados,Mom,2987,,,Bajo Flores,Bajo Flores,CABA,Argentina,,SI,NO,NO,NO,,,,,,,,,,http://www.buenosaires.gob.ar/areas/salud/sida/,,,,,,,,,
Centro De Jubilados Rincón De Amistad,Centro De Jubilados,Leopardi,443,,,Villa Luro,Villa Luro,CABA,Argentina,,SI,NO,NO,NO,,,,,,,154-028-5350,,,http://www.buenosaires.gob.ar/areas/salud/sida/,,,,,,,,,
Centro de Salud Escolar El Resero,Centro De Salud,Av. De Los Corrales,6476,,,Mataderos,Mataderos,CABA,Argentina,,SI,NO,NO,NO,,,,,,,4687-2657,,,http://www.buenosaires.gob.ar/areas/salud/sida/,,,,,,,,,
Centro de Salud Mental N° 1,Centro De Salud,Manuela Pedraza,1558,,,Núñez,Núñez,CABA,Argentina,,SI,NO,NO,NO,,,,,,,4702-7489/9657,,,http://www.buenosaires.gob.ar/areas/salud/sida/,,,,,,,,,
Centro de Salud Mental Nº3,Centro De Salud,Av. Córdoba,3120,,,Almagro,Almagro,CABA,Argentina,,SI,NO,NO,NO,,,,,,,4862-0019 int. 122,,,http://www.buenosaires.gob.ar/areas/salud/sida/,,,,,,,,,
Centro Integral De La Mujer Arminda Aberastury,,Hipólito Yrigoyen,3202,,,Balvanera,Balvanera,CABA,Argentina,,SI,NO,NO,NO,,,,,,,4956-1768,,,http://www.buenosaires.gob.ar/areas/salud/sida/,,,,,,,,,
Centro Integral De La Mujer Lola Mora,,Agüero,301,,,Almagro,Almagro,CABA,Argentina,,SI,NO,NO,NO,,,,,,,,,,http://www.buenosaires.gob.ar/areas/salud/sida/,,,,,,,,,
Centro Intergeneracional El Cardenal,,Hipólito Yrigoyen,2296,,,Balvanera,Balvanera,CABA,Argentina,,SI,NO,NO,NO,,,,,,,,,,http://www.buenosaires.gob.ar/areas/salud/sida/,,,,,,,,,
Centro Médico Barrial Nº 1,Centro Médico Barrial,Rivera Indarte,3512,,,Pompeya,Pompeya,CABA,Argentina,,SI,NO,NO,NO,,,,,,,4919-7144,,,http://www.buenosaires.gob.ar/areas/salud/sida/,,,,,,,,,
Centro Médico Barrial Nº 10,Centro Médico Barrial,Pinzón,350,PB,,La Boca,La Boca,CABA,Argentina,,SI,NO,NO,NO,,,,,,,4300-8898,,,http://www.buenosaires.gob.ar/areas/salud/sida/,,,,,,,,,
Centro Médico Barrial Nº 11,Centro Médico Barrial,Gregoria Pérez,3434,,,Colegiales,Colegiales,CABA,Argentina,,SI,NO,NO,NO,,,,,,,4551-8522,,,http://www.buenosaires.gob.ar/areas/salud/sida/,,,,,,,,,
Centro Médico Barrial Nº 12,Centro Médico Barrial,Páez,2283,,,Flores,Flores,CABA,Argentina,,SI,NO,NO,NO,,,,,,,4631-8254,,,http://www.buenosaires.gob.ar/areas/salud/sida/,,,,,,,,,
Centro Médico Barrial Nº 13,Centro Médico Barrial,Camarones,2834,,,Villa Santa Rita,Villa Santa Rita,CABA,Argentina,,SI,NO,NO,NO,,,,,,,4582-1563,,,http://www.buenosaires.gob.ar/areas/salud/sida/,,,,,,,,,
Centro Médico Barrial Nº 14,Centro Médico Barrial,Santiago Del Estero,1678,,,Constitución,Constitución,CABA,Argentina,,SI,NO,NO,NO,,,,,,,4305-4923,,,http://www.buenosaires.gob.ar/areas/salud/sida/,,,,,,,,,
Centro Médico Barrial Nº 15,Centro Médico Barrial,Av Gral. Fernández De La Cruz,6965,,,Villa Riachuelo,Villa Riachuelo,CABA,Argentina,,SI,NO,NO,NO,,,,,,,4602-4578,,,http://www.buenosaires.gob.ar/areas/salud/sida/,,,,,,,,,
Centro Médico Barrial Nº 16,Centro Médico Barrial,México,4040,,,Almagro,Almagro,CABA,Argentina,,SI,NO,NO,NO,,,,,,,4932-4075,,,http://www.buenosaires.gob.ar/areas/salud/sida/,,,,,,,,,
Centro Médico Barrial Nº 17,Centro Médico Barrial,Núñez,5019,,,Villa Urquiza,Villa Urquiza,CABA,Argentina,,SI,NO,NO,NO,,,,,,,4545-8668,,,http://www.buenosaires.gob.ar/areas/salud/sida/,,,,,,,,,
Centro Médico Barrial Nº 18,Centro Médico Barrial,Carlos M. Ramírez,1445,,,Pompeya,Pompeya,CABA,Argentina,,SI,NO,NO,NO,,,,,,,4919-4671,,,http://www.buenosaires.gob.ar/areas/salud/sida/,,,,,,,,,
Centro Médico Barrial Nº 19,Centro Médico Barrial,Coligüe,2977,,,Villa Real,Villa Real,CABA,Argentina,,SI,NO,NO,NO,,,,,,,4566-8314,,,http://www.buenosaires.gob.ar/areas/salud/sida/,,,,,,,,,
Centro Médico Barrial Nº 2,Centro Médico Barrial,Av. Juan B. Justo,6162,,,Villa Santa Rita,Villa Santa Rita,CABA,Argentina,,SI,NO,NO,NO,,,,,,,4583-2892,,,http://www.buenosaires.gob.ar/areas/salud/sida/,,,,,,,,,
Centro Médico Barrial Nº 20,Centro Médico Barrial,Araujo,1246,,,Parque Avellaneda,Parque Avellaneda,CABA,Argentina,,SI,NO,NO,NO,,,,,,,,,,http://www.buenosaires.gob.ar/areas/salud/sida/,,,,,,,,,
Centro Médico Barrial Nº 23,Centro Médico Barrial,Tejedor,251,,,Parque Chacabuco,Parque Chacabuco,CABA,Argentina,,SI,NO,NO,NO,,,,,,,4923-8624,,,http://www.buenosaires.gob.ar/areas/salud/sida/,,,,,,,,,
Centro Médico Barrial Nº 25,Centro Médico Barrial,Echeandia,3417,,,Parque Avellaneda,Parque Avellaneda,CABA,Argentina,,SI,NO,NO,NO,,,,,,,4637-8831,,,http://www.buenosaires.gob.ar/areas/salud/sida/,,,,,,,,,
Centro Médico Barrial Nº 27,Centro Médico Barrial,Antezana,340,,,Villa Crespo,Villa Crespo,CABA,Argentina,,SI,NO,NO,NO,,,,,,,4854-8737,,,http://www.buenosaires.gob.ar/areas/salud/sida/,,,,,,,,,
Centro Médico Barrial Nº 28,Centro Médico Barrial,Echeandia,5567,,,Villa Lugano,Villa Lugano,CABA,Argentina,,SI,NO,NO,NO,,,,,,,,,,http://www.buenosaires.gob.ar/areas/salud/sida/,,,,,,,,,
Centro Médico Barrial Nº 29,Centro Médico Barrial,Saavedra,205,,,Balvanera,Balvanera,CABA,Argentina,,SI,NO,NO,NO,,,,,,,4951-2443,,,http://www.buenosaires.gob.ar/areas/salud/sida/,,,,,,,,,
Centro Médico Barrial Nº 3,Centro Médico Barrial,Av. Juan B. Justo,9668,,,Liniers,Liniers,CABA,Argentina,,SI,NO,NO,NO,,,,,,,4644-5654,,,http://www.buenosaires.gob.ar/areas/salud/sida/,,,,,,,,,
Centro Médico Barrial Nº 30,Centro Médico Barrial,Arzobispo Espinosa,1211,,,Barracas,Barracas,CABA,Argentina,,SI,NO,NO,NO,,,,,,,4307-8377,,,http://www.buenosaires.gob.ar/areas/salud/sida/,,,,,,,,,
Centro Médico Barrial Nº 4,Centro Médico Barrial,Av. Carabobo,801,,,Flores,Flores,CABA,Argentina,,SI,NO,NO,NO,,,,,,,4632-7525,,,http://www.buenosaires.gob.ar/areas/salud/sida/,,,,,,,,,
Centro Médico Barrial Nº 5,Centro Médico Barrial,Nogoyá,4302,,,Villa Devoto,Villa Devoto,CABA,Argentina,,SI,NO,NO,NO,,,,,,,4639-5229,DE 11 A 16 HORAS,,http://www.buenosaires.gob.ar/areas/salud/sida/,,,,,,,,,
Centro Médico Barrial Nº 6,Centro Médico Barrial,Estados Unidos,1936,,,San Cristóbal,San Cristóbal,CABA,Argentina,,SI,NO,NO,NO,,,,,,,4308-6058,,,http://www.buenosaires.gob.ar/areas/salud/sida/,,,,,,,,,
Centro Médico Barrial Nº 7,Centro Médico Barrial,Acassuso,5402,,,Villa Luro,Villa Luro,CABA,Argentina,,SI,NO,NO,NO,,,,,,,4682-8673,,,http://www.buenosaires.gob.ar/areas/salud/sida/,,,,,,,,,
Centro Médico Barrial Nº 8,Centro Médico Barrial,La Capital,1131,,,Parque Chacabuco,Parque Chacabuco,CABA,Argentina,,SI,NO,NO,NO,,,,,,,4924-0461,,,http://www.buenosaires.gob.ar/areas/salud/sida/,,,,,,,,,
Centro Médico Barrial Nº 9,Centro Médico Barrial,Albariño,3512,,,Villa Lugano,Villa Lugano,CABA,Argentina,,SI,NO,NO,NO,,,,,,,4601-2835,,,http://www.buenosaires.gob.ar/areas/salud/sida/,,,,,,,,,
Centro Nacional De Referencia P/el Sida,,Paraguay,2155,11,,Recoleta,Recoleta,CABA,Argentina,,SI,NO,NO,NO,,,,,,,4508-3671/3689,,,http://www.buenosaires.gob.ar/areas/salud/sida/,,,,,,,,,
Centro Torquato Tasso,,Olavarría,740,,,La Boca,La Boca,CABA,Argentina,,SI,NO,NO,NO,,,,,,,,,,http://www.buenosaires.gob.ar/areas/salud/sida/,,,,,,,,,
Centro Vecinal Balvanera,,Saavedra,84,,,Balvanera,Balvanera,CABA,Argentina,,SI,NO,NO,NO,,,,,,,,,,http://www.buenosaires.gob.ar/areas/salud/sida/,,,,,,,,,
Cesac N ° 33,Cesac,Av. Córdoba,5741,,,Palermo,Palermo,CABA,Argentina,,SI,SI,NO,NO,,,,,,,5197-5079,,,http://www.buenosaires.gob.ar/areas/salud/sida/,,,,,,,,,
Cesac N º 1,Cesac,Av. Vélez Sarsfield,1271,,,Barracas,Barracas,CABA,Argentina,,SI,NO,NO,NO,,,,,,,4302-0059,,,http://www.buenosaires.gob.ar/areas/salud/sida/,,,,,,,,,
Cesac N º 10,Cesac,Av. Amancio Alcorta,1402,,,Barracas,Barracas,CABA,Argentina,,SI,NO,NO,NO,,,,,,,4304-2002,,,http://www.buenosaires.gob.ar/areas/salud/sida/,,,,,,,,,
Cesac N º 11,Cesac,Agüero,940,,,Balvanera,Balvanera,CABA,Argentina,,SI,NO,NO,NO,,,,,,,4864-1446,,,http://www.buenosaires.gob.ar/areas/salud/sida/,,,,,,,,,
Cesac N º 12,Cesac,Av. Olazabal,3960,,,Villa Urquiza,Villa Urquiza,CABA,Argentina,,SI,NO,NO,NO,,,,,,,4543-2494,,,http://www.buenosaires.gob.ar/areas/salud/sida/,,,,,,,,,
Cesac N º 13,Cesac,Av. Directorio,4210,,,Parque Avellaneda,Parque Avellaneda,CABA,Argentina,,SI,SI,NO,NO,,,,,,,4671-5693,,,http://www.buenosaires.gob.ar/areas/salud/sida/,,,,,,,,,
Cesac N º 14,Cesac,Dr. Horacio Casco,4446,,,Parque Avellaneda,Parque Avellaneda,CABA,Argentina,,SI,NO,NO,NO,,,,,,,4602-6527/5928,,,http://www.buenosaires.gob.ar/areas/salud/sida/,,,,,,,,,
Cesac N º 15,Cesac,Humberto Primo,470,,,San Telmo,San Telmo,CABA,Argentina,,SI,SI,NO,NO,,,,,,,4361-4938/9006,,,http://www.buenosaires.gob.ar/areas/salud/sida/,,,,,,,,,
Cesac N º 16,Cesac,California,2346,,,Barracas,Barracas,CABA,Argentina,,SI,NO,NO,NO,,,,,,,4302-3803,,,http://www.buenosaires.gob.ar/areas/salud/sida/,,,,,,,,,
Cesac N º 18,Cesac,José Batlle Y Ordóñez,sin número,,Miraya,Villa Lugano,Villa Lugano,CABA,Argentina,,SI,SI,NO,NO,,,,,,,4638-7226,,,http://www.buenosaires.gob.ar/areas/salud/sida/,,,,,,,,,
Cesac N º 19,Cesac,Av. Curapaligue,1901,,,Bajo Flores,Bajo Flores,CABA,Argentina,,SI,SI,NO,NO,,,,,,,4925-0992,,,http://www.buenosaires.gob.ar/areas/salud/sida/,,,,,,,,,
Cesac N º 2,Cesac,Terrada,5850,,,Villa Pueyrredón,Villa Pueyrredón,CABA,Argentina,,SI,SI,NO,NO,,,,,,,4572-9520/6798,,,http://www.buenosaires.gob.ar/areas/salud/sida/,,,,,,,,,
Cesac N º 20,Cesac,Ana María Janer,2330,,Charrúa,Barrio Rivadavia,Barrio Rivadavia,CABA,Argentina,,SI,SI,NO,NO,,,,,,,4919-2144,,,http://www.buenosaires.gob.ar/areas/salud/sida/,,,,,,,,,
Cesac N º 22,Cesac,Av. Guzmán,90,,,Chacarita,Chacarita,CABA,Argentina,,SI,SI,NO,NO,,,,,,,4855-6268,,,http://www.buenosaires.gob.ar/areas/salud/sida/,,,,,,,,,
Cesac N º 24,Cesac,Laguna,sin número,,,Barrio Ramón Carrillo,Barrio Ramón Carrillo,CABA,Argentina,,SI,SI,NO,NO,,,,,,,4637-2002,,,http://www.buenosaires.gob.ar/areas/salud/sida/,,,,,,,,,
Cesac N º 29,Cesac,Luis Dellepiane,sin número,,,Barrio Inta,Barrio Inta,CABA,Argentina,,SI,NO,NO,NO,,,,,,,4601-7973,,,http://www.buenosaires.gob.ar/areas/salud/sida/,,,,,,,,,
Cesac N º 3,Cesac,Av. Soldado De La Frontera,5144,,,Villa Lugano,Villa Lugano,CABA,Argentina,,SI,NO,NO,NO,,,,,,,4605-7823,,,http://www.buenosaires.gob.ar/areas/salud/sida/,,,,,,,,,
Cesac N º 30,Cesac,Amancio Alcorta,sin número,,Iriarte,Barrio Zavaleta,Barrio Zavaleta,CABA,Argentina,,SI,NO,NO,NO,,,,,,,4912-2620,,,http://www.buenosaires.gob.ar/areas/salud/sida/,,,,,,,,,
Cesac N º 31,Cesac,Av. Riestra,sin número,,Ana M. Janer,Barrio Illia,Barrio Illia,CABA,Argentina,,SI,NO,NO,NO,,,,,,,4919-9670/2842,,,http://www.buenosaires.gob.ar/areas/salud/sida/,,,,,,,,,
Cesac N º 32,Cesac,Charrúa,2900,,,Barrio Charrúa,Barrio Charrúa,CABA,Argentina,,SI,NO,NO,NO,,,,,,,4919-7106,,,http://www.buenosaires.gob.ar/areas/salud/sida/,,,,,,,,,
Cesac N º 33,Cesac,Av. Córdoba,5656,,,Chacarita,Chacarita,CABA,Argentina,,SI,SI,NO,NO,,,,,,,4770-9202,,,http://www.buenosaires.gob.ar/areas/salud/sida/,,,,,,,,,
Cesac N º 34,Cesac,Gral. José Gervasio Artigas,2262,,,Paternal,Paternal,CABA,Argentina,,SI,NO,NO,NO,,,,,,,4585-1514,,,http://www.buenosaires.gob.ar/areas/salud/sida/,,,,,,,,,
Cesac N º 35,Cesac,Zavaleta,sin número,,,Barracas,Barracas,CABA,Argentina,,SI,NO,NO,NO,,,,,,,4301-8720,,,http://www.buenosaires.gob.ar/areas/salud/sida/,,,,,,,,,
Cesac N º 4,Cesac,Av. Juan B. Alberdi,sin número,,Pilar,Mataderos,Mataderos,CABA,Argentina,,SI,NO,NO,NO,,,,,,,4686-6660,,,http://www.buenosaires.gob.ar/areas/salud/sida/,,,,,,,,,
Cesac N º 5,Cesac,Av. Luis Piedrabuena 3200,sin número,,,Villa 15 (ciudad Oculta),Villa 15 (ciudad Oculta),CABA,Argentina,,SI,SI,NO,NO,,,,,,,4687-0494/1672,,,http://www.buenosaires.gob.ar/areas/salud/sida/,,,,,,,,,
Cesac N º 6,Cesac,Mariano Acosta Y Roca,sin número,,,Villa Soldati,Villa Soldati,CABA,Argentina,,SI,NO,NO,NO,,,,,,,4918-4879,,,http://www.buenosaires.gob.ar/areas/salud/sida/,,,,,,,,,
Cesac N º 7,Cesac,Montiel,sin número,,,Barrio Piedrabuena,Barrio Piedrabuena,CABA,Argentina,,SI,SI,NO,NO,,,,,,,4602-5161,,,http://www.buenosaires.gob.ar/areas/salud/sida/,,,,,,,,,
Cesac N º 8,Cesac,Av. Osvaldo Cruz,3485,,,Villa 21/24,Villa 21/24,CABA,Argentina,,SI,NO,NO,NO,,,,,,,4302-3825,,,http://www.buenosaires.gob.ar/areas/salud/sida/,,,,,,,,,
Cesac N º 9,Cesac,Irala,1264,,,La Boca,La Boca,CABA,Argentina,,SI,SI,NO,NO,,,,,,,4302-9983,,,http://www.buenosaires.gob.ar/areas/salud/sida/,,,,,,,,,
Cesac N° 25,Cesac,Eeuu Brasil Y Ant Arg. E 25 De 1,sin número,,,Villa 31,Villa 31,CABA,Argentina,,SI,NO,NO,NO,,,,,,,4315-1553,,,http://www.buenosaires.gob.ar/areas/salud/sida/,,,,,,,,,
Cesac N° 27,Cesac,Tronador,4134,,,Saavedra,Saavedra,CABA,Argentina,,SI,NO,NO,NO,,,,,,,4543-2998,,,http://www.buenosaires.gob.ar/areas/salud/sida/,,,,,,,,,
Cesac N° 41,Cesac,Ministro Brin,842,,,La Boca,La Boca,CABA,Argentina,,SI,SI,NO,NO,4361-8736,,,,,,,,,http://www.buenosaires.gob.ar/areas/salud/sida/,,,,,,,,,
Cesac Nº 17,Cesac,El Salvador,4037,,,Palermo,Palermo,CABA,Argentina,,SI,NO,NO,NO,,,,,,,4862-1886,,,http://www.buenosaires.gob.ar/areas/salud/sida/,,,,,,,,,
Cesac Nº 26,Cesac,Malabia,964,,,Villa Crespo,Villa Crespo,CABA,Argentina,,SI,NO,NO,NO,,,,,,,4778-0365,,,http://www.buenosaires.gob.ar/areas/salud/sida/,,,,,,,,,
Cesac Nº 28,Cesac,Cafayate,5388,,,Villa Lugano,Villa Lugano,CABA,Argentina,,SI,NO,NO,NO,,,,,,,4605-2148,,,http://www.buenosaires.gob.ar/areas/salud/sida/,,,,,,,,,
Cesac Nº 36,Cesac,Mercedes,1371,,,Floresta,Floresta,CABA,Argentina,,SI,NO,NO,NO,,,,,,,4567-1891,,,http://www.buenosaires.gob.ar/areas/salud/sida/,,,,,,,,,
Cesac Nº 39,Cesac,24 De Noviembre,1679,,,Parque Chacabuco,Parque Chacabuco,CABA,Argentina,,SI,SI,NO,NO,,,,,,,4911-3576,,,http://www.buenosaires.gob.ar/areas/salud/sida/,,,,,,,,,
Cesac Nº 40,Cesac,Av. Cnel. Esteban Bonorino,1729,,,Bajo Flores,Bajo Flores,CABA,Argentina,,SI,NO,NO,NO,,,,,,,4631-4554,,,http://www.buenosaires.gob.ar/areas/salud/sida/,,,,,,,,,
Cgpc N° 10,Cgpc,Bacacay,3968,,,Floresta,Floresta,CABA,Argentina,,SI,NO,NO,NO,,,,,,,4636-2898/2490,,,http://www.buenosaires.gob.ar/areas/salud/sida/,,,,,,,,,
Cgpc Nº 1,Cgpc,Uruguay,740,,,San Nicolás,San Nicolás,CABA,Argentina,,SI,NO,NO,NO,,,,,,,4373-6774/1896,,,http://www.buenosaires.gob.ar/areas/salud/sida/,,,,,,,,,
Cgpc Nº 11,Cgpc,Av. Francisco Beiro,4629,,,Villa Devoto,Villa Devoto,CABA,Argentina,,SI,NO,NO,NO,,,,,,,4501-4663/0287,,,http://www.buenosaires.gob.ar/areas/salud/sida/,,,,,,,,,
Cgpc Nº 12,Cgpc,Miller,2751,,,Villa Urquiza,Villa Urquiza,CABA,Argentina,,SI,NO,NO,NO,,,,,,,4522-9947/4745,,,http://www.buenosaires.gob.ar/areas/salud/sida/,,,,,,,,,
Cgpc Nº 13,Cgpc,Av. Cabildo,3067,,,Núñez,Núñez,CABA,Argentina,,SI,NO,NO,NO,,,,,,,4702-3184 int. 312,,,http://www.buenosaires.gob.ar/areas/salud/sida/,,,,,,,,,
Cgpc Nº 14,Cgpc,Antonio Beruti,3325,,,Palermo,Palermo,CABA,Argentina,,SI,NO,NO,NO,,,,,,,4827-5957,,,http://www.buenosaires.gob.ar/areas/salud/sida/,,,,,,,,,
Cgpc Nº 15,Cgpc,Av. Córdoba,5692,,,Villa Crespo,Villa Crespo,CABA,Argentina,,SI,NO,NO,NO,,,,,,,4771-1306/0750,,,http://www.buenosaires.gob.ar/areas/salud/sida/,,,,,,,,,
Cgpc Nº 2,Cgpc,Uriburu,1022,,,Recoleta,Recoleta,CABA,Argentina,,SI,NO,NO,NO,,,,,,,4823-1165,,,http://www.buenosaires.gob.ar/areas/salud/sida/,,,,,,,,,
Cgpc Nº 3,Cgpc,Junín,521,,,Balvanera,Balvanera,CABA,Argentina,,SI,NO,NO,NO,,,,,,,4375-0644,,,http://www.buenosaires.gob.ar/areas/salud/sida/,,,,,,,,,
Cgpc Nº 4,Cgpc,Av. Del Barco Centenera,2906,,,Pompeya,Pompeya,CABA,Argentina,,SI,NO,NO,NO,,,,,,,4918-2243,,,http://www.buenosaires.gob.ar/areas/salud/sida/,,,,,,,,,
Cgpc Nº 4 (subsede),Cgpc,Suárez,2034,,,Barracas,Barracas,CABA,Argentina,,SI,NO,NO,NO,,,,,,,4301-6544/4628,,,http://www.buenosaires.gob.ar/areas/salud/sida/,,,,,,,,,
Cgpc Nº 5,Cgpc,Sarandí,1273,,,San Cristóbal,San Cristóbal,CABA,Argentina,,SI,NO,NO,NO,,,,,,,4305-2878,,,http://www.buenosaires.gob.ar/areas/salud/sida/,,,,,,,,,
CGP Nº 6,Cgpc,Av. Díaz Vélez,4568,,,Caballito,Caballito,CABA,Argentina,,SI,NO,NO,NO,,,,,,,4981-5291 int. 314,,,http://www.buenosaires.gob.ar/areas/salud/sida/,,,,,,,,,
Cgpc Nº 7,Cgpc,Av. Rivadavia,7202,,,Flores,Flores,CABA,Argentina,,SI,NO,NO,NO,,,,,,,4613-1767/1530,,,http://www.buenosaires.gob.ar/areas/salud/sida/,,,,,,,,,
Cgpc Nº 9,Cgpc,Timoteo Gordillo,2212,,,Mataderos,Mataderos,CABA,Argentina,,SI,NO,NO,NO,,,,,,,4687-6251,,,http://www.buenosaires.gob.ar/areas/salud/sida/,,,,,,,,,
Cha - Comunidad Homosexual Argentina,,Tomás Liberti,1080,,,La Boca,La Boca,CABA,Argentina,,SI,NO,NO,NO,,,,,,,4361-6382,,,http://www.buenosaires.gob.ar/areas/salud/sida/,,,,,,,,,
Ciaipi,,Brandsen,2285,,,Barracas,Barracas,CABA,Argentina,,SI,NO,NO,NO,,,,,,,,,,http://www.buenosaires.gob.ar/areas/salud/sida/,,,,,,,,,
Cine Abc (xxx),Cine,Esmeralda,506,,,San Nicolás,San Nicolás,CABA,Argentina,,SI,NO,NO,NO,,,,,,,,,,http://www.buenosaires.gob.ar/areas/salud/sida/,,,,,,,,,
Cine Box (xxx),Cine,Laprida,1423,,,Recoleta,Recoleta,CABA,Argentina,,SI,NO,NO,NO,,,,,,,,,,http://www.buenosaires.gob.ar/areas/salud/sida/,,,,,,,,,
Cine Cinema (xxx),Cine,Av. Rivadavia,7366,,,Flores,Flores,CABA,Argentina,,SI,NO,NO,NO,,,,,,,,,,http://www.buenosaires.gob.ar/areas/salud/sida/,,,,,,,,,
Cine Edén (xxx),Cine,Av. Santa Fé,1825,,,Recoleta,Recoleta,CABA,Argentina,,SI,NO,NO,NO,,,,,,,,,,http://www.buenosaires.gob.ar/areas/salud/sida/,,,,,,,,,
Cine Hot (xxx),Cine,Av. Juan De Garay,1267,,,Constitución,Constitución,CABA,Argentina,,SI,NO,NO,NO,,,,,,,,,,http://www.buenosaires.gob.ar/areas/salud/sida/,,,,,,,,,
Cine Ideal (xxx),Cine,Suipacha,378,,,San Nicolás,San Nicolás,CABA,Argentina,,SI,NO,NO,NO,,,,,,,,,,http://www.buenosaires.gob.ar/areas/salud/sida/,,,,,,,,,
Cine Plus Once (xxx),Cine,Ecuador,54,,,Balvanera,Balvanera,CABA,Argentina,,SI,NO,NO,NO,,,,,,,,,,http://www.buenosaires.gob.ar/areas/salud/sida/,,,,,,,,,
Cine San Francisco (xxx),Cine,Gral. Paz,10650,,,Liniers,Liniers,CABA,Argentina,,SI,NO,NO,NO,,,,,,,,,,http://www.buenosaires.gob.ar/areas/salud/sida/,,,,,,,,,
Circuito Cultural Barracas,,Av. Gral. Iriarte,2165,,,Barracas,Barracas,CABA,Argentina,,SI,NO,NO,NO,,,,,,,4302-6825,,,http://www.buenosaires.gob.ar/areas/salud/sida/,,,,,,,,,
Club De Osos De Buenos Aires,,Humberto 1°,1662,,,Montserrat,Montserrat,CABA,Argentina,,SI,NO,NO,NO,,,,,,,,,,http://www.buenosaires.gob.ar/areas/salud/sida/,,,,,,,,,
Club Larrazábal,,Av. Larrazábal,829,,,Mataderos,Mataderos,CABA,Argentina,,SI,NO,NO,NO,,,,,,,,,,http://www.buenosaires.gob.ar/areas/salud/sida/,,,,,,,,,
Comedor Amor Y Paz,Comedor,,sin número,,,Villa 21/24,Villa 21/24,CABA,Argentina,,SI,NO,NO,NO,,,,,,,,,,http://www.buenosaires.gob.ar/areas/salud/sida/,,,,,,,,,
Comedor Angeleli,Comedor,,sin número,,,Villa 1-11-14,Villa 1-11-14,CABA,Argentina,,SI,NO,NO,NO,,,,,,,,,,http://www.buenosaires.gob.ar/areas/salud/sida/,,,,,,,,,
Comedor Arco Iris,Comedor,,sin número,,,Barrio Inta,Barrio Inta,CABA,Argentina,,SI,NO,NO,NO,,,,,,,,,,http://www.buenosaires.gob.ar/areas/salud/sida/,,,,,,,,,
Comedor Ayúdame A Crecer,Comedor,,sin número,,,Villa 21/24,Villa 21/24,CABA,Argentina,,SI,NO,NO,NO,,,,,,,,,,http://www.buenosaires.gob.ar/areas/salud/sida/,,,,,,,,,
Comedor Cambalache,Comedor,,sin número,,,Villa 21/24,Villa 21/24,CABA,Argentina,,SI,NO,NO,NO,,,,,,,,,,http://www.buenosaires.gob.ar/areas/salud/sida/,,,,,,,,,
Comedor Chispita De Amor – Estrellita,Comedor,,sin número,,,Barrio Fátima,Barrio Fátima,CABA,Argentina,,SI,NO,NO,NO,,,,,,,,,,http://www.buenosaires.gob.ar/areas/salud/sida/,,,,,,,,,
Comedor Corazón Humilde,Comedor,,sin número,,,Villa 21/24,Villa 21/24,CABA,Argentina,,SI,NO,NO,NO,,,,,,,,,,http://www.buenosaires.gob.ar/areas/salud/sida/,,,,,,,,,
Comedor El Alfarero,Comedor,,sin número,,,Villa 21/24,Villa 21/24,CABA,Argentina,,SI,NO,NO,NO,,,,,,,,,,http://www.buenosaires.gob.ar/areas/salud/sida/,,,,,,,,,
Comedor Esperanza,Comedor,,sin número,,,Villa 1-11-14,Villa 1-11-14,CABA,Argentina,,SI,NO,NO,NO,,,,,,,,,,http://www.buenosaires.gob.ar/areas/salud/sida/,,,,,,,,,
Comedor Estrella De Belén,Comedor,,sin número,,,Villa 15 (ciudad Oculta),Villa 15 (ciudad Oculta),CABA,Argentina,,SI,NO,NO,NO,,,,,,,,,,http://www.buenosaires.gob.ar/areas/salud/sida/,,,,,,,,,
Comedor Guevara,Comedor,Ana María Janer,3335,,,Villa Soldati,Villa Soldati,CABA,Argentina,,SI,NO,NO,NO,,,,,,,,,,http://www.buenosaires.gob.ar/areas/salud/sida/,,,,,,,,,
Comedor Ha Nacido Tu Luz Como El Alba,Comedor,José León Suárez,3751,,,Barrio Pirelli,Barrio Pirelli,CABA,Argentina,,SI,NO,NO,NO,,,,,,,4601-9993,,,http://www.buenosaires.gob.ar/areas/salud/sida/,,,,,,,,,
Comedor Jorgito,Comedor,,sin número,,,Villa 21/24,Villa 21/24,CABA,Argentina,,SI,NO,NO,NO,,,,,,,,,,http://www.buenosaires.gob.ar/areas/salud/sida/,,,,,,,,,
Comedor Juntos Somos Más,Comedor,Pernambuco,2244,,,Villa Santa Rita,Villa Santa Rita,CABA,Argentina,,SI,NO,NO,NO,,,,,,,4584-7980,,,http://www.buenosaires.gob.ar/areas/salud/sida/,,,,,,,,,
Comedor Los Vecinitos,Comedor,,sin número,,,Barrio Fátima,Barrio Fátima,CABA,Argentina,,SI,NO,NO,NO,,,,,,,,,,http://www.buenosaires.gob.ar/areas/salud/sida/,,,,,,,,,
Comedor Madres De Constitución,Comedor,Ciudadela,1249,,,Constitución,Constitución,CABA,Argentina,,SI,NO,NO,NO,,,,,,,4305-1449,,,http://www.buenosaires.gob.ar/areas/salud/sida/,,,,,,,,,
Comedor Manos Latinas,Comedor,,sin número,,,Villa 20,Villa 20,CABA,Argentina,,SI,NO,NO,NO,,,,,,,,,,http://www.buenosaires.gob.ar/areas/salud/sida/,,,,,,,,,
Comedor Mate Cocido,Comedor,,sin número,,,Villa 1-11-14,Villa 1-11-14,CABA,Argentina,,SI,NO,NO,NO,,,,,,,,,,http://www.buenosaires.gob.ar/areas/salud/sida/,,,,,,,,,
Comedor Menari,Comedor,,sin número,,,Villa 1-11-14,Villa 1-11-14,CABA,Argentina,,SI,NO,NO,NO,,,,,,,,,,http://www.buenosaires.gob.ar/areas/salud/sida/,,,,,,,,,
Comedor Mtd,Comedor,Rondeau,1502,,,Constitución,Constitución,CABA,Argentina,,SI,NO,NO,NO,,,,,,,,,,http://www.buenosaires.gob.ar/areas/salud/sida/,,,,,,,,,
Comedor Niño Jesús,Comedor,Lavalleja,170,,,Villa Crespo,Villa Crespo,CABA,Argentina,,SI,NO,NO,NO,,,,,,,,,,http://www.buenosaires.gob.ar/areas/salud/sida/,,,,,,,,,
Comedor Niños Del Futuro,Comedor,,sin número,,,Barrio Fátima,Barrio Fátima,CABA,Argentina,,SI,NO,NO,NO,,,,,,,,,,http://www.buenosaires.gob.ar/areas/salud/sida/,,,,,,,,,
Comedor Niños Felices,Comedor,,sin número,,,Villa 1-11-14,Villa 1-11-14,CABA,Argentina,,SI,NO,NO,NO,,,,,,,,,,http://www.buenosaires.gob.ar/areas/salud/sida/,,,,,,,,,
Comedor Osito Cariñoso,Comedor,,sin número,,,Barrio Inta,Barrio Inta,CABA,Argentina,,SI,NO,NO,NO,,,,,,,,,,http://www.buenosaires.gob.ar/areas/salud/sida/,,,,,,,,,
Comedor Padre Daniel De La Sierra,Comedor,,sin número,,,Villa 21/24,Villa 21/24,CABA,Argentina,,SI,NO,NO,NO,,,,,,,,,,http://www.buenosaires.gob.ar/areas/salud/sida/,,,,,,,,,
Comedor Pastorcitos,Comedor,,sin número,,,Barrio Fátima,Barrio Fátima,CABA,Argentina,,SI,NO,NO,NO,,,,,,,,,,http://www.buenosaires.gob.ar/areas/salud/sida/,,,,,,,,,
Comedor Piluso,Comedor,,sin número,,,Villa 20,Villa 20,CABA,Argentina,,SI,NO,NO,NO,,,,,,,,,,http://www.buenosaires.gob.ar/areas/salud/sida/,,,,,,,,,
Comedor Portal De Belén,Comedor,,sin número,,,Villa 1-11-14,Villa 1-11-14,CABA,Argentina,,SI,NO,NO,NO,,,,,,,,,,http://www.buenosaires.gob.ar/areas/salud/sida/,,,,,,,,,
Comedor San Jorge,Comedor,Suárez,516,,,La Boca,La Boca,CABA,Argentina,,SI,NO,NO,NO,,,,,,,,,,http://www.buenosaires.gob.ar/areas/salud/sida/,,,,,,,,,
Comedor Santa Rita,Comedor,,sin número,,,Villa 1-11-14,Villa 1-11-14,CABA,Argentina,,SI,NO,NO,NO,,,,,,,,,,http://www.buenosaires.gob.ar/areas/salud/sida/,,,,,,,,,
Comedor Sol Y Vida,Comedor,,sin número,,,Villa 21/24,Villa 21/24,CABA,Argentina,,SI,NO,NO,NO,,,,,,,,,,http://www.buenosaires.gob.ar/areas/salud/sida/,,,,,,,,,
Comedor Tiempo De Compartir,Comedor,,sin número,,,Barrio Ramón Carrillo,Barrio Ramón Carrillo,CABA,Argentina,,SI,NO,NO,NO,,,,,,,,,,http://www.buenosaires.gob.ar/areas/salud/sida/,,,,,,,,,
Comedor Torito Polenta,Comedor,José León Suárez,1311,,,Barrio Pirelli,Barrio Pirelli,CABA,Argentina,,SI,NO,NO,NO,,,,,,,,,,http://www.buenosaires.gob.ar/areas/salud/sida/,,,,,,,,,
Comedor Trencito De Vida,Comedor,,sin número,,,Villa 21/24,Villa 21/24,CABA,Argentina,,SI,NO,NO,NO,,,,,,,,,,http://www.buenosaires.gob.ar/areas/salud/sida/,,,,,,,,,
Comedor Una Mano Amiga Del Niño,Comedor,,sin número,,,Villa 20,Villa 20,CABA,Argentina,,SI,NO,NO,NO,,,,,,,,,,http://www.buenosaires.gob.ar/areas/salud/sida/,,,,,,,,,
Comedor Unión Y Fuerza,Comedor,,sin número,,,Villa 21/24,Villa 21/24,CABA,Argentina,,SI,NO,NO,NO,,,,,,,,,,http://www.buenosaires.gob.ar/areas/salud/sida/,,,,,,,,,
Comedor Volver A Vivir,Comedor,,sin número,,,Villa 15 (ciudad Oculta),Villa 15 (ciudad Oculta),CABA,Argentina,,SI,NO,NO,NO,,,,,,,,,,http://www.buenosaires.gob.ar/areas/salud/sida/,,,,,,,,,
Comedor William Morris,Comedor,Saladillo,3792,,,Barrio Pirelli,Barrio Pirelli,CABA,Argentina,,SI,NO,NO,NO,,,,,,,4638-6595,,,http://www.buenosaires.gob.ar/areas/salud/sida/,,,,,,,,,
Consejo Barrial Familias Solidarias,,24 De Noviembre,2183,,,Parque Patricios,Parque Patricios,CABA,Argentina,,SI,NO,NO,NO,,,,,,,,,,,,,,,,,,,
Consultar Balvanera,,,sin número,,,Once,Once,CABA,Argentina,,SI,NO,NO,NO,,,,,,,,,,http://www.buenosaires.gob.ar/areas/salud/sida/,,,,,,,,,
Consultorio Médico Barrial (médicos De Cabecera),,Parque Patricios,554,,,Parque Patricios,Parque Patricios,CABA,Argentina,,SI,NO,NO,NO,,,,,,,4912-2058,,,http://www.buenosaires.gob.ar/areas/salud/sida/,,,,,,,,,
Consultorios Uom,,Av. Caseros,4122,,,Parque Patricios,Parque Patricios,CABA,Argentina,,SI,NO,NO,NO,,,,,,,,,,http://www.buenosaires.gob.ar/areas/salud/sida/,,,,,,,,,
Cooperativa De Recicladores Bajo Flores,Cooperativa,,sin número,,,Bajo Flores,Bajo Flores,CABA,Argentina,,SI,NO,NO,NO,,,,,,,,,,http://www.buenosaires.gob.ar/areas/salud/sida/,,,,,,,,,
Cooperativa La Ribera,,Av. Almirante Brown,748,,,La Boca,La Boca,CABA,Argentina,,SI,NO,NO,NO,,,,,,,,,,http://www.buenosaires.gob.ar/areas/salud/sida/,,,,,,,,,
Cooperativa Unión,,,sin número,,,Villa 20,Villa 20,CABA,Argentina,,SI,NO,NO,NO,,,,,,,,,,http://www.buenosaires.gob.ar/areas/salud/sida/,,,,,,,,,
Cruz Roja Argentina,,Quesada,2602,,,Saavedra,Saavedra,CABA,Argentina,,SI,NO,NO,NO,,,,,,,4544-1188,,,http://www.buenosaires.gob.ar/areas/salud/sida/,saavedra@cruzroja.org.ar,,,,,,,,
Cruz Roja Argentina,,Hipólito Yrigoyen,2068,,,Congreso,Congreso,CABA,Argentina,,SI,NO,NO,NO,,,,,,,4952-7715,,,http://www.buenosaires.gob.ar/areas/salud/sida/,info@cruzroja.org.ar,,,,,,,,
Cruz Roja Villa Crespo,Cruz Roja,Av. Córdoba,6434,,,Villa Crespo,Villa Crespo,CABA,Argentina,,SI,NO,NO,NO,,,,,,,4554-3820,,,,,,,,,,,,
Defensoría Del Pueblo,,Zelada,4655,,,Villa Luro,Villa Luro,CABA,Argentina,,SI,NO,NO,NO,,,,,,,4683-5091,,,http://www.buenosaires.gob.ar/areas/salud/sida/,,,,,,,,,
El Rincón De Los Niños,,"Traza 21, Casa 324",sin número,,,Barrio Zavaleta,Barrio Zavaleta,CABA,Argentina,,SI,NO,NO,NO,,,,,,,,,,http://www.buenosaires.gob.ar/areas/salud/sida/,,,,,,,,,
Emem Nº5,,Tronador,4134,,,Saavedra,Saavedra,CABA,Argentina,,SI,NO,NO,NO,,,,,,,,,,http://www.buenosaires.gob.ar/areas/salud/sida/,,,,,,,,,
Escuela Deserción Cero,Escuela,Pje. La Constancia,2400,,,Paternal,Paternal,CABA,Argentina,,SI,NO,NO,NO,,,,,,,,,,,,,,,,,,,
Escuela Técnica 4 República Del Líbano,,Av. Manuel Montes De Oca,121,,,Barracas,Barracas,CABA,Argentina,,SI,NO,NO,NO,,,,,,,,,,http://www.buenosaires.gob.ar/areas/salud/sida/,,,,,,,,,
Estudio Urbano,,Av. Curapaligue,585,,,Flores,Flores,CABA,Argentina,,SI,NO,NO,NO,,,,,,,,,,http://www.buenosaires.gob.ar/areas/salud/sida/,,,,,,,,,
Farmacia De La Capilla,,,sin número,,,Villa 15 (ciudad Oculta),Villa 15 (ciudad Oculta),CABA,Argentina,,SI,NO,NO,NO,,,,,,,,,,http://www.buenosaires.gob.ar/areas/salud/sida/,,,,,,,,,
Fundación Ayudemos A Crecer,Fundación,Constitución,2075,,,San Cristóbal,San Cristóbal,CABA,Argentina,,SI,NO,NO,NO,,,,,,,4304-4305,,,http://www.buenosaires.gob.ar/areas/salud/sida/,,,,,,,,,
Fundación Buenos Aires Sida,Fundación,Av. Juan Bautista Alberdi,2509,,,Flores,Flores,CABA,Argentina,,SI,NO,NO,NO,,,,,,,4637-4472,,,http://www.buenosaires.gob.ar/areas/salud/sida/,,,,,,,,,
Fundación Crisanto,Fundación,Aráoz,2885,,,Palermo,Palermo,CABA,Argentina,,SI,NO,NO,NO,,,,,,,4805- 3698,,,http://www.buenosaires.gob.ar/areas/salud/sida/,,,,,,,,,
Fundación Descida,Fundación,Junín,1140,,,Recoleta,Recoleta,CABA,Argentina,,SI,NO,NO,NO,,,,,,,4822-9236,,,http://www.buenosaires.gob.ar/areas/salud/sida/,,,,,,,,,
Fundación Huesped,Fundación,Angel Peluffo,3932,,,Caballito,Caballito,CABA,Argentina,,SI,NO,NO,NO,,,,,,,4981-1828,,,http://www.buenosaires.gob.ar/areas/salud/sida/,,,,,,,,,
Fundación Juana Zurita,Fundación,Av. San Juan,2197,,,San Cristóbal,San Cristóbal,CABA,Argentina,,SI,NO,NO,NO,,,,,,,,,,http://www.buenosaires.gob.ar/areas/salud/sida/,,,,,,,,,
Fundai (en Hospital Muñiz),,Uspallata,2272,,,Parque Patricios,Parque Patricios,CABA,Argentina,,SI,NO,NO,NO,,,,,,,4304-3332,,,http://www.buenosaires.gob.ar/areas/salud/sida/,,,,,,,,,
Fundamind,,24 De Noviembre,140,,,Balvanera,Balvanera,CABA,Argentina,,SI,NO,NO,NO,,,,,,,,,,http://www.buenosaires.gob.ar/areas/salud/sida/,,,,,,,,,
Gráfica Patricios,,Av. Regimiento De Patricios,1941,,,Barracas,Barracas,CABA,Argentina,,SI,NO,NO,NO,,,,,,,5711-1224,,,http://www.buenosaires.gob.ar/areas/salud/sida/,,,,,,,,,
Grupo Comunitario 7 De Mayo,,Antequera,1723,,,Constitución,Constitución,CABA,Argentina,,SI,NO,NO,NO,,,,,,,4304-8218,,,http://www.buenosaires.gob.ar/areas/salud/sida/,,,,,,,,,
Grupo Comunitario Evita Vive,,,sin número,,,Villa 1-11-14,Villa 1-11-14,CABA,Argentina,,SI,NO,NO,NO,,,,,,,,,,http://www.buenosaires.gob.ar/areas/salud/sida/,,,,,,,,,
Guardería La Hormiguita Viajera,,,sin número,,,Barrio Illia,Barrio Illia,CABA,Argentina,,SI,NO,NO,NO,,,,,,,,,,http://www.buenosaires.gob.ar/areas/salud/sida/,,,,,,,,,
Guardería Lorenza,,,sin número,,,Villa 20,Villa 20,CABA,Argentina,,SI,NO,NO,NO,,,,,,,,,,http://www.buenosaires.gob.ar/areas/salud/sida/,,,,,,,,,
Hacé Tu Barrio,,Piedras,1281,,,Constitución,Constitución,CABA,Argentina,,SI,NO,NO,NO,,,,,,,,,,http://www.buenosaires.gob.ar/areas/salud/sida/,,,,,,,,,
Helios Salud,,Perú,1511,,,San Telmo,San Telmo,CABA,Argentina,,SI,NO,SI,SI,,,,,,,4300-0515,,,http://www.buenosaires.gob.ar/areas/salud/sida/,,,,,,,,,
Hogar Casa Del Sol,,Maza,1160,,,Boedo,Boedo,CABA,Argentina,,SI,NO,NO,NO,,,,,,,4931-4173,,,http://www.buenosaires.gob.ar/areas/salud/sida/,,,,,,,,,
Hogar San Pablo,,Hidalgo,588,,,Caballito,Caballito,CABA,Argentina,,SI,NO,NO,NO,,,,,,,4902-8860,,,http://www.buenosaires.gob.ar/areas/salud/sida/,,,,,,,,,
Hospital Alvear,Hospital,Av. Warnes,2630,,,Paternal,Paternal,CABA,Argentina,,SI,NO,NO,NO,,,,,,,4521-7746,,,http://www.buenosaires.gob.ar/areas/salud/sida/,,,,,,,,,
"Hospital Argerich (servicio Social, Servicio De Adolescencia)",Hospital,Pi Y Margall,750,,,La Boca,La Boca,CABA,Argentina,,SI,NO,NO,NO,,,,,,,4121-0700/0800,,,http://www.buenosaires.gob.ar/areas/salud/sida/,,,,,,,,,
Hospital Borda,Hospital,Dr. Ramón Carrillo,375,,,Barracas,Barracas,CABA,Argentina,,SI,NO,NO,NO,,,,,,,4306-7704,,,http://www.buenosaires.gob.ar/areas/salud/sida/,,,,,,,,,
Hospital Durand,Hospital,Av. Díaz Vélez,5044,,,Caballito,Caballito,CABA,Argentina,,SI,NO,NO,NO,,,,,,,4982-5555,,,http://www.buenosaires.gob.ar/areas/salud/sida/,,,,,,,,,
Hospital Elizalde,Hospital,Av. Manuel Montes De Oca,40,,,Barracas,Barracas,CABA,Argentina,,SI,NO,NO,NO,,,,,,,4307-5842 al 44,,,http://www.buenosaires.gob.ar/areas/salud/sida/,,,,,,,,,
Hospital Fernandez (infectología),Hospital,Av. Cerviño,3356,,,Palermo,Palermo,CABA,Argentina,,SI,NO,NO,NO,,,,,,,4802-2600,,,http://www.buenosaires.gob.ar/areas/salud/sida/,,,,,,,,,
Hospital Ferrer,Hospital,Dr. Enrique Finochietto,849,,,Barracas,Barracas,CABA,Argentina,,SI,NO,NO,NO,,,,,,,4307-2699,,,http://www.buenosaires.gob.ar/areas/salud/sida/,,,,,,,,,
Hospital Garrahan,Hospital,Combate De Los Pozos,1881,,,Parque Patricios,Parque Patricios,CABA,Argentina,,SI,NO,NO,NO,,,,,,,4308-4300,,,http://www.buenosaires.gob.ar/areas/salud/sida/,,,,,,,,,
"Hospital Muñiz (distribución En Promoción Y Protección, Y Oficina De La Coordinación Sida)",Hospital,Uspallata,2272,,,Parque Patricios,Parque Patricios,CABA,Argentina,,SI,NO,NO,NO,,,,,,,4304-2180,,,http://www.buenosaires.gob.ar/areas/salud/sida/,,,,,,,,,
"Hospital Penna (servicio Social, Infectología, Promoción Y Protección)",Hospital,Parque Patricios,3380,,,Parque Patricios,Parque Patricios,CABA,Argentina,,SI,NO,NO,NO,,,,,,,4911-3030/5555,,,http://www.buenosaires.gob.ar/areas/salud/sida/,,,,,,,,,
Hospital Piñero,Hospital,Varela,1301,,,Bajo Flores,Bajo Flores,CABA,Argentina,,SI,SI,NO,NO,4634-3033,,,,,,4634-3033,Lunes desde las 9:00 / martes y viernes desde las 13:00,,http://www.buenosaires.gob.ar/areas/salud/sida/,,,,,,,,,
Hospital Pirovano,Hospital,Av. Monroe,3555,,,Belgrano,Belgrano,CABA,Argentina,,SI,SI,NO,NO,,,,,,,4542-3825,,,http://www.buenosaires.gob.ar/areas/salud/sida/,,,,,,,,,
"Hospital Ramos Mejia (inmunocomprometidos, Infectología, Etc.)",Hospital,Gral. Urquiza,609,,,Balvanera,Balvanera,CABA,Argentina,,SI,SI,NO,NO,,,,,,,4931-5252/5241,,,http://www.buenosaires.gob.ar/areas/salud/sida/,,,,,,,,,
Hospital General De Agudos Dr. E. Tornu,Hospital,Combatientes De Malvinas,3002,,,Villa Ortúzar,Villa Ortúzar,CABA,Argentina,,SI,SI,SI,NO,4521-3600/8700/4485,,,,,,4521-3600/8700,,,http://www.buenosaires.gob.ar/areas/salud/sida/,,,,,,,,,
Hospital Velez Sarsfield,Hospital,Pedro Calderón De La Barça,1550,,,Monte Castro,Monte Castro,CABA,Argentina,,SI,NO,NO,NO,,,,,,,4639-8700,,,http://www.buenosaires.gob.ar/areas/salud/sida/,,,,,,,,,
Hostel Inn Buenos Aires,,Humberto Primo,820,,,San Telmo,San Telmo,CABA,Argentina,,SI,NO,NO,NO,,,,,,,,,,http://www.buenosaires.gob.ar/areas/salud/sida/,,,,,,,,,
Hostel Inn Tango City,,Piedras,680,,,San Telmo,San Telmo,CABA,Argentina,,SI,NO,NO,NO,,,,,,,,,,http://www.buenosaires.gob.ar/areas/salud/sida/,,,,,,,,,
Iuna,,Paraguay,786,,,San Nicolás,San Nicolás,CABA,Argentina,,SI,NO,NO,NO,,,,,,,4516-0992,,,http://www.buenosaires.gob.ar/areas/salud/sida/,,,,,,,,,
Jardín Maternal Piedra Buena,,,sin número,,,Barrio Piedrabuena,Barrio Piedrabuena,CABA,Argentina,,SI,NO,NO,NO,,,,,,,4602-7111,,,http://www.buenosaires.gob.ar/areas/salud/sida/,,,,,,,,,
Jardín Maternal Pulgarcito,,Av. Osvaldo Cruz,2101,,,Barracas,Barracas,CABA,Argentina,,SI,NO,NO,NO,,,,,,,4301-4377,,,http://www.buenosaires.gob.ar/areas/salud/sida/,,,,,,,,,
La Otra Base De Encuentro,,Pres. Camilo Torres Y Tenorio,sin número,,,Bajo Flores,Bajo Flores,CABA,Argentina,,SI,NO,NO,NO,,,,,,,4633-3884,,,http://www.buenosaires.gob.ar/areas/salud/sida/,,,,,,,,,
Los Libros De La Esquina,,Av. Regimiento De Patricios,401,,,Barracas,Barracas,CABA,Argentina,,SI,NO,NO,NO,,,,,,,,,,http://www.buenosaires.gob.ar/areas/salud/sida/,,,,,,,,,
Lugar Gay De Buenos Aires,,Defensa,1120,,,San Telmo,San Telmo,CABA,Argentina,,SI,NO,NO,NO,,,,,,,4300-4747,,,http://www.buenosaires.gob.ar/areas/salud/sida/,,,,,,,,,
Maternidad Sarda (mesa De Informes),,Parque Patricios,2151,,,Parque Patricios,Parque Patricios,CABA,Argentina,,SI,NO,NO,NO,,,,,,,4943-3567,,,http://www.buenosaires.gob.ar/areas/salud/sida/,,,,,,,,,
Merendero El Jazmín,,,sin número,,,Barrio Rivadavia,Barrio Rivadavia,CABA,Argentina,,SI,NO,NO,NO,,,,,,,,,,http://www.buenosaires.gob.ar/areas/salud/sida/,,,,,,,,,
Merendero Ernesto,,,sin número,,,Barrio Inta,Barrio Inta,CABA,Argentina,,SI,NO,NO,NO,,,,,,,,,,http://www.buenosaires.gob.ar/areas/salud/sida/,,,,,,,,,
Movimiento Afro Cultural,,Herrera,313,,,Barracas,Barracas,CABA,Argentina,,SI,NO,NO,NO,,,,,,,4361-5944,,,http://www.buenosaires.gob.ar/areas/salud/sida/,,,,,,,,,
Mtl La Boca,,Suárez,544,,,La Boca,La Boca,CABA,Argentina,,SI,NO,NO,NO,,,,,,,,,,http://www.buenosaires.gob.ar/areas/salud/sida/,,,,,,,,,
Mujeres De La Boca,,Necochea,1229,,,La Boca,La Boca,CABA,Argentina,,SI,NO,NO,NO,,,,,,,,,,http://www.buenosaires.gob.ar/areas/salud/sida/,,,,,,,,,
Mutual De Panaderos,,Av. Caseros,3099,,,Parque Patricios,Parque Patricios,CABA,Argentina,,SI,NO,NO,NO,,,,,,,,,,http://www.buenosaires.gob.ar/areas/salud/sida/,,,,,,,,,
Mutual Flor De Ceibo,,,sin número,,,Barrio Inta,Barrio Inta,CABA,Argentina,,SI,NO,NO,NO,,,,,,,,,,http://www.buenosaires.gob.ar/areas/salud/sida/,,,,,,,,,
Mutual Homero Manzi,,Av. Belgrano,3540,,,Almagro,Almagro,CABA,Argentina,,SI,NO,NO,NO,,,,,,,4956-2265,,,http://www.buenosaires.gob.ar/areas/salud/sida/,,,,,,,,,
Mutual Sentimiento,,Av. Federico Lacroze,4181,,,Chacarita,Chacarita,CABA,Argentina,,SI,NO,NO,NO,,,,,,,4552-2257,,,http://www.buenosaires.gob.ar/areas/salud/sida/,,,,,,,,,
Nexo,,Av. Callao,339,5,,Congreso,Congreso,CABA,Argentina,,SI,SI,NO,NO,,,,,,,4375-0359,,,http://www.buenosaires.gob.ar/areas/salud/sida/,,,,,,,,,
Oficina Por Los Derechos De La Infancia Y La Adolescencia (la Boca-barracas),,Av. Almirante Brown,1250,,,La Boca,La Boca,CABA,Argentina,,SI,NO,NO,NO,,,,,,,4302-1621/2853,,,http://www.buenosaires.gob.ar/areas/salud/sida/,,,,,,,,,
Parque De La Ciudad,,Av. Escalada,sin número,,,Villa Soldati,Villa Soldati,CABA,Argentina,,SI,NO,NO,NO,,,,,,,,,,http://www.buenosaires.gob.ar/areas/salud/sida/,,,,,,,,,
Partido Socialista,,Av. Triunvirato,3505,,,Villa Ortúzar,Villa Ortúzar,CABA,Argentina,,SI,NO,NO,NO,,,,,,,,,,http://www.buenosaires.gob.ar/areas/salud/sida/,,,,,,,,,
Pastoral Ecuménica,,Antequera,1734,,,Constitución,Constitución,CABA,Argentina,,SI,NO,NO,NO,,,,,,,4384-6568,,,http://www.buenosaires.gob.ar/areas/salud/sida/,,,,,,,,,
Peluquería Abq-estética,,Mariano Acosta,3612,,,Villa Soldati,Villa Soldati,CABA,Argentina,,SI,NO,NO,NO,,,,,,,,,,http://www.buenosaires.gob.ar/areas/salud/sida/,,,,,,,,,
Puertas Abiertas,,Aristóbulo Del Valle,601,,,La Boca,La Boca,CABA,Argentina,,SI,NO,NO,NO,,,,,,,,,,http://www.buenosaires.gob.ar/areas/salud/sida/,,,,,,,,,
Puerto Pibes,,Av. Intendente Cantilo Y Pampa,sin número,,,Núñez,Núñez,CABA,Argentina,,SI,NO,NO,NO,,,,,,,4782-7880,,,http://www.buenosaires.gob.ar/areas/salud/sida/,,,,,,,,,
Red Argentina De Mujeres Viviendo Con Vih,,Bartolomé Mitre,2815,,,Balvanera,Balvanera,CABA,Argentina,,SI,NO,NO,NO,,,,,,,4866-0550,,,http://www.buenosaires.gob.ar/areas/salud/sida/,,,,,,,,,
Revista Hecho En Buenos Aires,Centro Cultural,San Lorenzo,371,,,San Telmo,San Telmo,CABA,Argentina,,SI,NO,NO,NO,,,,,,,4362-1551,,,http://www.buenosaires.gob.ar/areas/salud/sida/,,,,,,,,,
Sauna A Full,Sauna,Viamonte,1770,,,San Nicolás,San Nicolás,CABA,Argentina,,SI,NO,NO,NO,,,,,,,,,,http://www.buenosaires.gob.ar/areas/salud/sida/,,,,,,,,,
Sauna Homo Sapiens,,Gascón,954,,,Almagro,Almagro,CABA,Argentina,,SI,NO,NO,NO,,,,,,,,,,http://www.buenosaires.gob.ar/areas/salud/sida/,,,,,,,,,
Sauna Nagasaki,,Agüero,427,,,Almagro,Almagro,CABA,Argentina,,SI,NO,NO,NO,,,,,,,,,,http://www.buenosaires.gob.ar/areas/salud/sida/,,,,,,,,,
Sauna Unikus,Sauna,Av. Pueyrredón,1180,,,Recoleta,Recoleta,CABA,Argentina,,SI,NO,NO,NO,,,,,,,,,,,,,,,,,,,
Seamos Libres Movimiento Evita,,15 De Noviembre De 1889,1731,,,Constitución,Constitución,CABA,Argentina,,SI,NO,NO,NO,,,,,,,,,,http://www.buenosaires.gob.ar/areas/salud/sida/,,,,,,,,,
Servicio Social Zonal N° 3,,"Cnel. Salvadores 799, Pb",799,PB,,La Boca,La Boca,CABA,Argentina,,SI,NO,NO,NO,,,,,,,4301-8695,,,http://www.buenosaires.gob.ar/areas/salud/sida/,,,,,,,,,
Servicio Social Zonal N° 8,,Av. Escalada,3501,,,Villa Soldati,Villa Soldati,CABA,Argentina,,SI,NO,NO,NO,,,,,,,,,,http://www.buenosaires.gob.ar/areas/salud/sida/,,,,,,,,,
Servicio Universitario Mundial (sum),,Solís,1067,,,Montserrat,Montserrat,CABA,Argentina,,SI,NO,NO,NO,,,,,,,4305-6311,,,http://www.buenosaires.gob.ar/areas/salud/sida/,,,,,,,,,
Simeca (sindicato De Mensajeros Cadetes),Sindicato,Carlos Calvo,2365,,,Montserrat,Montserrat,CABA,Argentina,,SI,NO,NO,NO,,,,,,,4943-2785,,,http://www.buenosaires.gob.ar/areas/salud/sida/,,,,,,,,,
Sociedad De Fomento Edilicio Y Cultural,,Montiel,3851,,,Barrio Piedrabuena,Barrio Piedrabuena,CABA,Argentina,,SI,NO,NO,NO,,,,,,,,,,http://www.buenosaires.gob.ar/areas/salud/sida/,,,,,,,,,
Sociedad De Integración Gay Lésbica Argentina,,Del Progreso,949,,,Parque Chacabuco,Parque Chacabuco,CABA,Argentina,,SI,NO,NO,NO,,,,,,,4922-3351,,,http://www.buenosaires.gob.ar/areas/salud/sida/,,,,,,,,,