1100,0,,,,"Centro de Salud Centenario - S Viejo",,Rivadavia,1190,,,"Sauce Viejo",369,45,5,1,,,-31.7719526,-60.8367196,,,"2017-02-11 00:04:03","2017-02-11 00:04:03",1,0,0,0,0,0342-4950065,,,,,,,,,,,,,,,,,,,,,,,,,,,,1,,,,,,,,0,,,,,,,,0,0,369,Argentina,,"Santa Fe",0,
1101,0,,,,"S.A.M.Co. Sastre",,"Dr. Hugo Novatti",2175,,,Sastre,369,45,5,1,,,-31.7685776,-61.8291,,,"2017-02-11 00:04:03","2017-02-11 00:04:03",1,0,0,0,0,03406/480222-480212,,,,,,,,,,,,,,,,,,,,,,,,,,,,1,,,,,,,,0,,,,,,,,0,0,369,Argentina,,"Santa Fe",0,
1102,0,,,,"S.A.M.Co. Santa Clara De Buena Vista",,"Cnel Dominguez",450,,,"Santa Clara De Buena Vista",369,45,5,1,,,-31.7638445,-61.3199,,,"2017-02-11 00:04:03","2017-02-11 00:04:03",1,0,0,0,0,03404/493114," centrex: 6192",,,,,,,,,,,,,,,,,,,,,,,,,,,,1,,,,,,,,0,,,,,,,,0,0,369,Argentina,,"Santa Fe",0,
1105,0,,,,"S.A.M.Co. Crispi",,"LombardÃ­a Âº","sin nÃºmero",,,Crispi,369,45,5,1,,,-31.739378,-62.0359955,,,"2017-02-11 00:04:03","2017-02-11 00:04:03",1,0,0,0,0,"03406/493010 Cabina Publica",,,,,,,,,,,,,,,,,,,,,,,,,,,,1,,,,,,,,0,,,,,,,,0,0,369,Argentina,,"Santa Fe",0,
1106,0,,,,"Hospital Pedro Suchon",Hospital,"P SuchÃ³n",2352,,,"San Carlos Centro",369,45,5,1,,,-31.7346,-61.0877531,,,"2017-02-11 00:04:03","2017-02-11 00:04:03",1,0,0,0,0,03404/420018," centrex: 6175",,,,,,,,,,,,,,,,,,,,,,,,,,,,1,,,,,,,,0,,,,,,,,0,0,369,Argentina,,"Santa Fe",0,
1110,0,,,,"Centro de Salud Colonia Margarita",,"San MartÃ­n",265,,,"Colonia Margarita",369,45,5,1,,,-31.7012257,-61.6521362,,,"2017-02-11 00:04:03","2017-02-11 00:04:03",1,0,0,0,0,03492-495308,,,,,,,,,,,,,,,,,,,,,,,,,,,,1,,,,,,,,0,,,,,,,,0,0,369,Argentina,,"Santa Fe",0,
1111,0,,,,"S.A.M.Co. San Vicente",,Belgrano,565,,,"San Vicente",369,45,5,1,,,-31.6981699,-61.5672378,,,"2017-02-11 00:04:03","2017-02-11 00:04:03",1,0,0,0,0,03492/471262-470262,,,,,,,,,,,,,,,,,,,,,,,,,,,,1,,,,,,,,0,,,,,,,,0,0,369,Argentina,,"Santa Fe",0,
1112,0,,,,"Centro de Salud Las Delicias",,"Alfonsina Storni",3100,,,"Santa Fe",369,45,5,1,,,-31.6956616,-60.7555,,,"2017-02-11 00:04:03","2017-02-11 00:04:03",1,0,0,0,0,"0342-4579277 ctx 9277",,,,,,,,,,,,,,,,,,,,,,,,,,,,1,,,,,,,,0,,,,,,,,0,0,369,Argentina,,"Santa Fe",0,
1113,0,,,,"Centro de Salud Presidente Raul R Alfonsin",,Roverano,,"Batalla De San Lorenzo","Batalla De San Lorenzo","Santo Tome",369,45,5,1,,,-31.6911719,-60.7758,,,"2017-02-11 00:04:03","2017-02-11 00:04:03",1,0,0,0,0,0342-4544522,,,,,,,,,,,,,,,,,,,,,,,,,,,,1,,,,,,,,0,,,,,,,,0,0,369,Argentina,,"Santa Fe",0,
1114,0,,,,"Centro de Salud Colastine Sur",,"Colastine Sur","sin nÃºmero",,,"Colastine Sur",369,45,5,1,,,-31.6833305,-60.6333,,,"2017-02-11 00:04:03","2017-02-11 00:04:03",1,0,0,0,0,,,,,,,,,,,,,,,,,,,,,,,,,,,,,1,,,,,,,,0,,,,,,,,0,0,369,Argentina,,"Santa Fe",0,
1115,0,,,,"Centro de Salud San Agustin - Las Colonias",,"Av. Santa Fe",1250,,,"San AgustÃ­n",369,45,5,1,,,-31.6829252,-60.9406567,,,"2017-02-11 00:04:03","2017-02-11 00:04:03",1,0,0,0,0,"0342/4907431 centrex 2048",,,,,,,,,,,,,,,,,,,,,,,,,,,,1,,,,,,,,0,,,,,,,,0,0,369,Argentina,,"Santa Fe",0,
1116,0,,,,"Centro de Salud Lisandro De La Torre",,"AgustÃ­n Delgado",,Alberdi,Alberdi,"Santo Tome",369,45,5,1,,,-31.680541,-60.775,,,"2017-02-11 00:04:03","2017-02-11 00:04:03",1,0,0,0,0,0342-4753467,,,,,,,,,,,,,,,,,,,,,,,,,,,,1,,,,,,,,0,,,,,,,,0,0,369,Argentina,,"Santa Fe",0,
1117,0,,,,"Centro de Salud Alicia Moreau De Justo",,"J. Civil",,,,"Santo Tome",369,45,5,1,,,-31.6795841,-60.7626354,,,"2017-02-11 00:04:03","2017-02-11 00:04:03",1,0,0,0,0,"(0341) 4226162",,,,,,,,,,,,,,,,,,,,,,,,,,,,1,,,,,,,,0,,,,,,,,0,0,369,Argentina,,"Santa Fe",0,
1118,0,,,,"S.A.M.Co. Dr Nanzer",,"AzcuÃ©gana (3500)",,,,"Santo Tome",369,45,5,1,,,-31.6780874,-60.7772413,,,"2017-02-11 00:04:03","2017-02-11 00:04:03",1,0,0,0,0,0342/4743444," centrex: 4915",,,,,,,,,,,,,,,,,,,,,,,,,,,,1,,,,,,,,0,,,,,,,,0,0,369,Argentina,,"Santa Fe",0,
1119,0,,,,"Centro De Salud Maria Juana",,"Manuel Belgrano",252,,,"Maria Juana",369,45,5,1,,,-31.6756845,-61.7545,,,"2017-02-11 00:04:03","2017-02-11 00:04:03",1,0,0,0,0,03406/471795,,,,,,,,,,,,,,,,,,,,,,,,,,,,1,,,,,,,,0,,,,,,,,0,0,369,Argentina,,"Santa Fe",0,
1120,0,,,,"Centro de Salud San Carlos Norte",,"Carlos Beck Bernard",431,,,"San Carlos Norte",369,45,5,1,,,-31.6731735,-61.0742024,,,"2017-02-11 00:04:03","2017-02-11 00:04:03",1,0,0,0,0,03404/456095,,,,,,,,,,,,,,,,,,,,,,,,,,,,1,,,,,,,,0,,,,,,,,0,0,369,Argentina,,"Santa Fe",0,
1121,0,,,,"Centro de Salud Emaus - Santa Fe",,Zavalia,342,,,"Santa Fe",369,45,5,1,,,-31.6686628,-60.7263025,,,"2017-02-11 00:04:03","2017-02-11 00:04:03",1,0,0,0,0,"(0342) 4572524 ctx 2524",,,,,,,,,,,,,,,,,,,,,,,,,,,,1,,,,,,,,0,,,,,,,,0,0,369,Argentina,,"Santa Fe",0,
1123,0,,,,"Centro de Salud Fonavi Barrio Centenario",,Libertad,3730,,,"Santa Fe",369,45,5,1,,,-31.6629778,-60.7270279,,,"2017-02-11 00:04:03","2017-02-11 00:04:03",1,0,0,0,0,"4572523 ctx 2523",,,,,,,,,,,,,,,,,,,,,,,,,,,,1,,,,,,,,0,,,,,,,,0,0,369,Argentina,,"Santa Fe",0,
1124,0,,,,"Centro de Salud HipÃ³lito Irigoyen",,Lubary,,"M. Candioti 4800 S. T.","M. Candioti 4800 S. T.","Santo Tome",369,45,5,1,,,-31.6622189,-60.7616339,,,"2017-02-11 00:04:03","2017-02-11 00:04:03",1,0,0,0,0,0342-4753466,,,,,,,,,,,,,,,,,,,,,,,,,,,,1,,,,,,,,0,,,,,,,,0,0,369,Argentina,,"Santa Fe",0,
1125,0,,,,"Centro de Salud Juan Domingo Peron- Sto Tome",,"7 De marzo",,"J. J. Paso ( Barrio El Tanque)","J. J. Paso ( Barrio El Tanque)","Santo Tome",369,45,5,1,,,-31.6622189,-60.7616339,,,"2017-02-11 00:04:03","2017-02-11 00:04:03",1,0,0,0,0,0342-4753465,,,,,,,,,,,,,,,,,,,,,,,,,,,,1,,,,,,,,0,,,,,,,,0,0,369,Argentina,,"Santa Fe",0,
1126,0,,,,"Centro de Salud Eva Duarte De Peron- Sto Tome",,CÃ³rdoba,,Necochea,Necochea,"Santo Tome",369,45,5,1,,,-31.6578092,-60.7731,,,"2017-02-11 00:04:03","2017-02-11 00:04:03",1,0,0,0,0,"0342 4753464",,,,,,,,,,,,,,,,,,,,,,,,,,,,1,,,,,,,,0,,,,,,,,0,0,369,Argentina,,"Santa Fe",0,
1127,0,,,,"Centro de Salud Oratorio San Lorenzo Padre Gasparo",,AmenÃ¡bar,4000,,,"Santa Fe",369,45,5,1,,,-31.6559883,-60.7287848,,,"2017-02-11 00:04:03","2017-02-11 00:04:03",1,0,0,0,0,"0342-4573369 Centrex 3369",,,,,,,,,,,,,,,,,,,,,,,,,,,,1,,,,,,,,0,,,,,,,,0,0,369,Argentina,,"Santa Fe",0,
1128,0,,,,"Centro de Salud Fonavi Barrio Las Flores Ii",,Lamadrid,7916,,,"Santa Fe",369,45,5,1,,,-31.6547635,-60.7309756,,,"2017-02-11 00:04:03","2017-02-11 00:04:03",1,0,0,0,0,"0342-4579278 ctx 9278",,,,,,,,,,,,,,,,,,,,,,,,,,,,1,,,,,,,,0,,,,,,,,0,0,369,Argentina,,"Santa Fe",0,
1129,0,,,,"Centro de Salud Abasto",,"Diagonal Avipones",12500,,,"Santa Fe",369,45,5,1,,,-31.6495331,-60.714095,,,"2017-02-11 00:04:03","2017-02-11 00:04:03",1,0,0,0,0,"0342- 4579133 ctx 9133",,,,,,,,,,,,,,,,,,,,,,,,,,,,1,,,,,,,,0,,,,,,,,0,0,369,Argentina,,"Santa Fe",0,
1130,0,,,,"Centro de Salud Evita",,"Roque Saenz PeÃ±a",2018,,,"La Capital",369,45,5,1,,,-31.6489295,-60.7266281,,,"2017-02-11 00:04:03","2017-02-11 00:04:03",1,0,0,0,0,"4572525 ctx 2525",,,sÃ­,"4572525 ctx 2525",,,,,,,,,,,,,,,,,,,,,,,,1,,,,,,,,0,,,,,,,,0,0,369,Argentina,,"Santa Fe",0,
1131,0,,,,"Hospital De NiÃ±os Dr Orlando Alassia",Hospital,Mendoza,4151,,,"Santa Fe",369,45,5,1,,,-31.6445485,-60.7275,,,"2017-02-11 00:04:03","2017-02-11 00:04:03",1,0,0,0,0,4505900/63/12/49,,,,,,,,,,,,,,,,,,,,,,,,,,,,1,,,,,,,,0,,,,,,,,0,0,369,Argentina,,"Santa Fe",0,
1133,0,,,,"Centro de Salud San Roque",,"Zona Rural",,,,"Colonia Duran",369,45,5,1,,,-31.6429783,-60.7263061,,,"2017-02-11 00:04:03","2017-02-11 00:04:03",1,0,0,0,0,,,,,,,,,,,,,,,,,,,,,,,,,,,,,1,,,,,,,,0,,,,,,,,0,0,369,Argentina,,"Santa Fe",0,
1134,0,,,,"Centro de Salud Barrio Mendoza Oeste",,Mendoza,4519,,,"Santa Fe",369,45,5,1,,,-31.6428189,-60.7322,,,"2017-02-11 00:04:03","2017-02-11 00:04:03",1,0,0,0,0,"0342-4573367 Centrex 3367",,,,,,,,,,,,,,,,,,,,,,,,,,,,1,,,,,,,,0,,,,,,,,0,0,369,Argentina,,"Santa Fe",0,
1135,0,,,,"CIC Callejon Roca",,"Callejon Roca",,"Av. Rivadavia","Av. Rivadavia","Santa Fe",369,45,5,1,,,-31.642731,-60.7031525,,,"2017-02-11 00:04:03","2017-02-11 00:04:03",1,0,0,0,0,"0342-4579140 centrex 9140",,,,,,,,,,,,,,,,,,,,,,,,,,,,1,,,,,,,,0,,,,,,,,0,0,369,Argentina,,"Santa Fe",0,
1136,0,,,,"Centro de Salud Barrio Candioti",,"Bv. Galvez",1563,,,"Santa Fe",369,45,5,1,,,-31.6380865,-60.6919,,,"2017-02-11 00:04:03","2017-02-11 00:04:03",1,0,0,0,0,"0342-4572873- Centrex 2873",,,,,,,,,,,,,,,,,,,,,,,,,,,,1,,,,,,,,0,,,,,,,,0,0,369,Argentina,,"Santa Fe",0,
1137,0,,,,"Centro de Salud Barrio El Pozo",,"Alejandro Greca 1118",1117,"Manzana 19"," al Lado De La ComisarÃ­a","Manzana 19"," al Lado De La ComisarÃ­a","La Capital",369,45,5,1,,,-31.6355481,-60.6595082,,,"2017-02-11 00:04:03","2017-02-11 00:04:03",1,0,0,0,0,"0342-4577008 Centrex 7008",,,,,,,,,,,,,,,,,,,,,,,,,,,,1,,,,,,,,0,,,,,,,,0,0,369,Argentina,,"Santa Fe",0,
1138,0,,,,"Centro de Salud Cristo Obrero",,"Padre Catena 4390",,,,"Santa Fe",369,45,5,1,,,-31.6315436,-60.7220302,,,"2017-02-11 00:04:03","2017-02-11 00:04:03",1,0,0,0,0,0342/4574894," centrex: 4894",,,,,,,,,,,,,,,,,,,,,,,,,,,,1,,,,,,,,0,,,,,,,,0,0,369,Argentina,,"Santa Fe",0,
1139,0,,,,"Centro de Salud Colastine",,"Las Guindas - Km 4",2,,,"Colastine Norte",369,45,5,1,,,-31.6306737,-60.6047331,,,"2017-02-11 00:04:03","2017-02-11 00:04:03",1,0,0,0,0,0342-4574927," centrex: 4927",,,,,,,,,,,,,,,,,,,,,,,,,,,,1,,,,,,,,0,,,,,,,,0,0,369,Argentina,,"Santa Fe",0,
1140,0,,,,"Centro de Salud Quilmes",,Francia,4020,,,"Santa Fe",369,45,5,1,,,-31.6290704,-60.709844,,,"2017-02-11 00:04:03","2017-02-11 00:04:03",1,0,0,0,0,"0342-4573799 Centrex 3799",,,,,,,,,,,,,,,,,,,,,,,,,,,,1,,,,,,,,0,,,,,,,,0,0,369,Argentina,,"Santa Fe",0,
1141,0,,,,"Centro de Salud Gutierrez Este",,Avellaneda,4800,,,"Santa Fe",369,45,5,1,,,-31.6269457,-60.6845297,,,"2017-02-11 00:04:03","2017-02-11 00:04:03",1,0,0,0,0,"0342-4574829 ctx 4829",,,,,,,,,,,,,,,,,,,,,,,,,,,,1,,,,,,,,0,,,,,,,,0,0,369,Argentina,,"Santa Fe",0,
1142,0,,,,"Centro de Salud Sarmiento Juventud Unidad Del Nort",,"Lehman 7695 BÂº Sarmiento",,,,"Santa Fe",369,45,5,1,,,-31.6206883,-60.6883585,,,"2017-02-11 00:04:03","2017-02-11 00:04:03",1,0,0,0,0,"0342-4579290 ctx 9290",,,,,,,,,,,,,,,,,,,,,,,,,,,,1,,,,,,,,0,,,,,,,,0,0,369,Argentina,,"Santa Fe",0,
1143,0,,,,"Centro de Salud Barrio Barranquitas Oeste",,Artigas,4100,,,"Santa Fe",369,45,5,1,,,-31.6206031,-60.718393,,,"2017-02-11 00:04:03","2017-02-11 00:04:03",1,0,0,0,0,0342/4572505," centrex: 2505",,,,,,,,,,,,,,,,,,,,,,,,,,,,1,,,,,,,,0,,,,,,,,0,0,369,Argentina,,"Santa Fe",0,
1144,0,,,,"Centro de Salud Policlinico Vecinal",,"Salvador Del Carril",2240,,,"Santa Fe",369,45,5,1,,,-31.6191,-60.6941,,,"2017-02-11 00:04:03","2017-02-11 00:04:03",1,0,0,0,0,"0342/4579206-4579208 ctx 9208",,,,,,,,,,,,,,,,,,,,,,,,,,,,1,,,,,,,,0,,,,,,,,0,0,369,Argentina,,"Santa Fe",0,
1145,0,,,,"Centro de Salud Nuevo Horizonte",,Carranza,,"MonseÃ±or Rodriguez","MonseÃ±or Rodriguez","Santa Fe",369,45,5,1,,,-31.6184471,-60.7149,,,"2017-02-11 00:04:03","2017-02-11 00:04:03",1,0,0,0,0,0342-4832022,,,,,,,,,,,,,,,,,,,,,,,,,,,,1,,,,,,,,0,,,,,,,,0,0,369,Argentina,,"Santa Fe",0,
1146,0,,,,"Centro de Salud Esmeralda",,"Av. Centenario",387,,,Esmeralda,369,45,5,1,,,-31.6155877,-61.9312572,,,"2017-02-11 00:04:03","2017-02-11 00:04:03",1,0,0,0,0,03492-498110,,,,,,,,,,,,,,,,,,,,,,,,,,,,1,,,,,,,,0,,,,,,,,0,0,369,Argentina,,"Santa Fe",0,
1147,0,,,,"Centro de Salud N 6 Barrio Los Hornos",,"Facundo Zuviria",5859,,,"Santa Fe",369,45,5,1,,,-31.6123039,-60.7049405,,,"2017-02-11 00:04:03","2017-02-11 00:04:03",1,0,0,0,0,0342/4579241," Centrex: 9241",,,,,,,,,,,,,,,,,,,,,,,,,,,,1,,,,,,,,0,,,,,,,,0,0,369,Argentina,,"Santa Fe",0,
1148,0,,,,"Centro de Salud Paraje 29",,Paraje,29,,,"Paraje 29",369,45,5,1,,,-31.6106578,-60.697294,,,"2017-02-11 00:04:03","2017-02-11 00:04:03",1,0,0,0,0,,,,,,,,,,,,,,,,,,,,,,,,,,,,,1,,,,,,,,0,,,,,,,,0,0,369,Argentina,,"Santa Fe",0,
1149,0,,,,"S.A.M.Co. Berabevu",,"E. Ganavelli",215,,,Beravebu,369,45,5,1,,,-31.6106578,-60.697294,,,"2017-02-11 00:04:03","2017-02-11 00:04:03",1,0,0,0,0,03465/494105," centrex: 6330",,,,,,,,,,,,,,,,,,,,,,,,,,,,1,,,,,,,,0,,,,,,,,0,0,369,Argentina,,"Santa Fe",0,
1150,0,,,,"Centro de Salud San Antonio",,"San Juan",,"San MartÃ­n","San MartÃ­n","San Antonio",369,45,5,1,,,-31.6106578,-60.697294,,,"2017-02-11 00:04:03","2017-02-11 00:04:03",1,0,0,0,0,03492/491136,,,,,,,,,,,,,,,,,,,,,,,,,,,,1,,,,,,,,0,,,,,,,,0,0,369,Argentina,,"Santa Fe",0,
1151,0,,,,"Centro de Salud San Francisco De Santa Fe",,"Zona Urbana",,,,"San Francisco De Santa Fe",369,45,5,1,,,-31.6106578,-60.697294,,,"2017-02-11 00:04:03","2017-02-11 00:04:03",1,0,0,0,0,03462/481125,,,,,,,,,,,,,,,,,,,,,,,,,,,,1,,,,,,,,0,,,,,,,,0,0,369,Argentina,,"Santa Fe",0,
1152,0,,,,"Centro de Salud Santa Ana",,"Zona Rural - Ruta Provincial 31",14,,,"Santa Ana",369,45,5,1,,,-31.6106578,-60.697294,,,"2017-02-11 00:04:03","2017-02-11 00:04:03",1,0,0,0,0,,,,,,,,,,,,,,,,,,,,,,,,,,,,,1,,,,,,,,0,,,,,,,,0,0,369,Argentina,,"Santa Fe",0,
1153,0,,,,"Centro de Salud N 9 Barrio Nueva Pompeya",,"Av. Vera PeÃ±aloza",8280,,,"Santa Fe",369,45,5,1,,,-31.6106578,-60.697294,,,"2017-02-11 00:04:03","2017-02-11 00:04:03",1,0,0,0,0,"0342- 4579293 ctx 9293",,,,,,,,,,,,,,,,,,,,,,,,,,,,1,,,,,,,,0,,,,,,,,0,0,369,Argentina,,"Santa Fe",0,
1154,0,,,,"Centro de Salud Rincon Norte",,"Km 12",1,,,"Arroyo Leyes (RincÃ³n Norte)",369,45,5,1,,,-31.6106578,-60.697294,,,"2017-02-11 00:04:03","2017-02-11 00:04:03",1,0,0,0,0,"342-4972411 Centrex 7811",,,,,,,,,,,,,,,,,,,,,,,,,,,,1,,,,,,,,0,,,,,,,,0,0,369,Argentina,,"Santa Fe",0,
1155,0,,,,"Centro de Salud Rincon Potreros",,"Ruta 1",,,,"Arroyo Leyes (RincÃ³n Norte)",369,45,5,1,,,-31.6106578,-60.697294,,,"2017-02-11 00:04:03","2017-02-11 00:04:03",1,0,0,0,0,0342-154065106-154795172,,,,,,,,,,,,,,,,,,,,,,,,,,,,1,,,,,,,,0,,,,,,,,0,0,369,Argentina,,"Santa Fe",0,
1156,0,,,,"Centro de Salud Saa Pereyra",,"9 De julio",254,,,"Sa Pereyra",369,45,5,1,,,-31.6106578,-60.697294,,,"2017-02-11 00:04:03","2017-02-11 00:04:03",1,0,0,0,0,03404/494018," centrex: 6195",,,,,,,,,,,,,,,,,,,,,,,,,,,,1,,,,,,,,0,,,,,,,,0,0,369,Argentina,,"Santa Fe",0,
1157,0,,,,"Centro de Salud San Carlos Sur",,"9 De julio",631,,,"San Carlos Sud",369,45,5,1,,,-31.6106578,-60.697294,,,"2017-02-11 00:04:03","2017-02-11 00:04:03",1,0,0,0,0,"03404 - 423046",,,,,,,,,,,,,,,,,,,,,,,,,,,,1,,,,,,,,0,,,,,,,,0,0,369,Argentina,,"Santa Fe",0,
1158,0,,,,"Centro de Salud San Mariano",,"Brigadier E. LÃ³pez","sin nÃºmero",,,"San Mariano",369,45,5,1,,,-31.6106578,-60.697294,,,"2017-02-11 00:04:03","2017-02-11 00:04:03",1,0,0,0,0,03404/452023,,,,,,,,,,,,,,,,,,,,,,,,,,,,1,,,,,,,,0,,,,,,,,0,0,369,Argentina,,"Santa Fe",0,
1159,0,,,,"Centro de Salud Santa Lucia",,Calle,1739,,,"Distrito Oeste",369,45,5,1,,,-31.6106578,-60.697294,,,"2017-02-11 00:04:03","2017-02-11 00:04:03",1,0,0,0,0,,,,,,,,,,,,,,,,,,,,,,,,,,,,,1,,,,,,,,0,,,,,,,,0,0,369,Argentina,,"Santa Fe",0,
1160,0,,,,"Centro de Salud Tio Rolo",,Avellaneda,6600,,,"Distrito Sudoeste",369,45,5,1,,,-31.6106578,-60.697294,,,"2017-02-11 00:04:03","2017-02-11 00:04:03",1,0,0,0,0,0341-4809524,,,,,,,,,,,,,,,,,,,,,,,,,,,,1,,,,,,,,0,,,,,,,,0,0,369,Argentina,,"Santa Fe",0,
1161,0,,,,"Centro de Salud Santa Rosa",,"Cacique AletÃ­n","sin nÃºmero",,,"Barrio Pizarro",369,45,5,1,,,-31.6106578,-60.697294,,,"2017-02-11 00:04:03","2017-02-11 00:04:03",1,0,0,0,0,,,,,,,,,,,,,,,,,,,,,,,,,,,,,1,,,,,,,,0,,,,,,,,0,0,369,Argentina,,"Santa Fe",0,
1162,0,,,,"Centro de Salud San Jeronimo Sur",,"Juan Xxiii",200,,,"Barrio Caima",369,45,5,1,,,-31.6106578,-60.697294,,,"2017-02-11 00:04:03","2017-02-11 00:04:03",1,0,0,0,0,0341/4909519,,,,,,,,,,,,,,,,,,,,,,,,,,,,1,,,,,,,,0,,,,,,,,0,0,369,Argentina,,"Santa Fe",0,
1163,0,,,,"Centro de Salud Pedro Manasseri",,"JosÃ© HernÃ¡ndez",,Rivadavia,Rivadavia,"CaÃ±ada Rosquin",369,45,5,1,,,-31.6106578,-60.697294,,,"2017-02-11 00:04:03","2017-02-11 00:04:03",1,0,0,0,0,03401-470263/470188,,,,,,,,,,,,,,,,,,,,,,,,,,,,1,,,,,,,,0,,,,,,,,0,0,369,Argentina,,"Santa Fe",0,
1164,0,,,,"S.A.M.Co. CaÃ±ada Rosquin",,Sarmiento,150,,,"CaÃ±ada Rosquin",369,45,5,1,,,-31.6106578,-60.697294,,,"2017-02-11 00:04:03","2017-02-11 00:04:03",1,0,0,0,0,"03401/470275 centrex 6144",,,,,,,,,,,,,,,,,,,,,,,,,,,,1,,,,,,,,0,,,,,,,,0,0,369,Argentina,,"Santa Fe",0,
1165,0,,,,"S.A.M.Co. Casas",,"General LÃ³pez",340,,,"CaÃ±ada Rosquin",369,45,5,1,,,-31.6106578,-60.697294,,,"2017-02-11 00:04:03","2017-02-11 00:04:03",1,0,0,0,0,03401/494024,,,,,,,,,,,,,,,,,,,,,,,,,,,,1,,,,,,,,0,,,,,,,,0,0,369,Argentina,,"Santa Fe",0,
1166,0,,,,"S.A.M.Co. Castelar",,"Belgrano Âº","sin nÃºmero",,,Castelar,369,45,5,1,,,-31.6106578,-60.697294,,,"2017-02-11 00:04:03","2017-02-11 00:04:03",1,0,0,0,0,"03564/497028 (Comuna)",,,,,,,,,,,,,,,,,,,,,,,,,,,,1,,,,,,,,0,,,,,,,,0,0,369,Argentina,,"Santa Fe",0,
1167,0,,,,"Centro de Salud Alto Verde",,"Manzana NÂº 2",,,,"Santa Fe",369,45,5,1,,,-31.6106578,-60.697294,,,"2017-02-11 00:04:03","2017-02-11 00:04:03",1,0,0,0,0,"0342-4571978 ctx 1978",,,,,,,,,,,,,,,,,,,,,,,,,,,,1,,,,,,,,0,,,,,,,,0,0,369,Argentina,,"Santa Fe",0,
1168,0,,,,"Centro de Salud Angel Gallardo",,"Dr. Angel Gallardo",1700,,,"Angel Gallardo",369,45,5,1,,,-31.6106578,-60.697294,,,"2017-02-11 00:04:03","2017-02-11 00:04:03",1,0,0,0,0,"0342-4904860 Centrex 4460",,,,,,,,,,,,,,,,,,,,,,,,,,,,1,,,,,,,,0,,,,,,,,0,0,369,Argentina,,"Santa Fe",0,
1169,0,,,,"Centro de Salud Arroyo Ceibal",,"Calle 4",3,,,"Arroyo Ceibal",369,45,5,1,,,-31.6106578,-60.697294,,,"2017-02-11 00:04:03","2017-02-11 00:04:03",1,0,0,0,0,03482/497141,,,,,,,,,,,,,,,,,,,,,,,,,,,,1,,,,,,,,0,,,,,,,,0,0,369,Argentina,,"Santa Fe",0,
1170,0,,,,"Centro de Salud Barrio Cabal",,"Pje. Leiva 6859 (cruzando Av. Blas Parera Hacia El",,,,"Santa Fe",369,45,5,1,,,-31.6106578,-60.697294,,,"2017-02-11 00:04:03","2017-02-11 00:04:03",1,0,0,0,0,"0342-4579263 centrex 9263",,,,,,,,,,,,,,,,,,,,,,,,,,,,1,,,,,,,,0,,,,,,,,0,0,369,Argentina,,"Santa Fe",0,
1171,0,,,,"Centro de Salud Barrio Caima",,"Barrio Caima",,,,"Desvio Arijon",369,45,5,1,,,-31.6106578,-60.697294,,,"2017-02-11 00:04:03","2017-02-11 00:04:03",1,0,0,0,0,0342/4900028,,,,,,,,,,,,,,,,,,,,,,,,,,,,1,,,,,,,,0,,,,,,,,0,0,369,Argentina,,"Santa Fe",0,
1172,0,,,,"Centro de Salud Barrio Chalet",,"Mariano Cabal",3951,,,"Santa Fe",369,45,5,1,,,-31.6106578,-60.697294,,,"2017-02-11 00:04:03","2017-02-11 00:04:03",1,0,0,0,0,"0342-4589420 ctx 9420",,,,,,,,,,,,,,,,,,,,,,,,,,,,1,,,,,,,,0,,,,,,,,0,0,369,Argentina,,"Santa Fe",0,
1173,0,,,,"Centro de Salud Bety Griselda Flores",,"Manuel DÃ­az",,"Adolfo Medina","Adolfo Medina","Gato Colorado",369,45,5,1,,,-31.6106578,-60.697294,,,"2017-02-11 00:04:03","2017-02-11 00:04:03",1,0,0,0,0,,,,,,,,,,,,,,,,,,,,,,,,,,,,,1,,,,,,,,0,,,,,,,,0,0,369,Argentina,,"Santa Fe",0,
1174,0,,,,"Centro de Salud Campo Hardy",,"Ruta Nacional 11","sin nÃºmero",,,"Campo Hardy",369,45,5,1,,,-31.6106578,-60.697294,,,"2017-02-11 00:04:03","2017-02-11 00:04:03",1,0,0,0,0,"03482/499125 ctx 6459",,,,,,,,,,,,,,,,,,,,,,,,,,,,1,,,,,,,,0,,,,,,,,0,0,369,Argentina,,"Santa Fe",0,
1175,0,,,,"Centro de Salud Classon",,"25 De diciembre","sin nÃºmero",,,Classon,369,45,5,1,,,-31.6106578,-60.697294,,,"2017-02-11 00:04:03","2017-02-11 00:04:03",1,0,0,0,0,03471/499036,,,,,,,,,,,,,,,,,,,,,,,,,,,,1,,,,,,,,0,,,,,,,,0,0,369,Argentina,,"Santa Fe",0,
1176,0,,,,"Centro de Salud Colonia Silva",,"Zona Urbana",,,,Silva,369,45,5,1,,,-31.6106578,-60.697294,,,"2017-02-11 00:04:03","2017-02-11 00:04:03",1,0,0,0,0,03498/480591,,,,,,,,,,,,,,,,,,,,,,,,,,,,1,,,,,,,,0,,,,,,,,0,0,369,Argentina,,"Santa Fe",0,
1177,0,,,,"Centro de Salud Coronel Dominguez",,DomÃ­nguez,370,,,"Coronel Rodolfo S. Dominguez",369,45,5,1,,,-31.6106578,-60.697294,,,"2017-02-11 00:04:03","2017-02-11 00:04:03",1,0,0,0,0,03402/493138,,,,,,,,,,,,,,,,,,,,,,,,,,,,1,,,,,,,,0,,,,,,,,0,0,369,Argentina,,"Santa Fe",0,
1178,0,,,,"Centro de Salud Demetrio Gomez",,"Manzana 13 Alto Verde Al Lado De La Vecinal",,"A La Vuelta De La Comisaria","A La Vuelta De La Comisaria","Santa Fe",369,45,5,1,,,-31.6106578,-60.697294,,,"2017-02-11 00:04:03","2017-02-11 00:04:03",1,0,0,0,0,"0342-4571942 ctx 1942",,,,,,,,,,,,,,,,,,,,,,,,,,,,1,,,,,,,,0,,,,,,,,0,0,369,Argentina,,"Santa Fe",0,
1179,0,,,,"Centro de Salud Desvio Arijon",,"Av. JosÃ© ArijÃ³n Âº","sin nÃºmero",,,"Desvio Arijon",369,45,5,1,,,-31.6106578,-60.697294,,,"2017-02-11 00:04:03","2017-02-11 00:04:03",1,0,0,0,0,0342-4910565,,,,,,,,,,,,,,,,,,,,,,,,,,,,1,,,,,,,,0,,,,,,,,0,0,369,Argentina,,"Santa Fe",0,
1180,0,,,,"Centro de Salud El Araza",,"El Araza",,,,"El Araza",369,45,5,1,,,-31.6106578,-60.697294,,,"2017-02-11 00:04:03","2017-02-11 00:04:03",1,0,0,0,0,,,,,,,,,,,,,,,,,,,,,,,,,,,,,1,,,,,,,,0,,,,,,,,0,0,369,Argentina,,"Santa Fe",0,
1181,0,,,,"Centro de Salud El Gaucho",,Avellaneda,5625,,,"Distrito Sudoeste",369,45,5,1,,,-31.6106578,-60.697294,,,"2017-02-11 00:04:03","2017-02-11 00:04:03",1,0,0,0,0,0341-4809779,,,,,,,,,,,,,,,,,,,,,,,,,,,,1,,,,,,,,0,,,,,,,,0,0,369,Argentina,,"Santa Fe",0,
1182,0,,,,"Centro de Salud Eva Duarte",,RouillÃ³n,2095,,,"Distrito Oeste",369,45,5,1,,,-31.6106578,-60.697294,,,"2017-02-11 00:04:03","2017-02-11 00:04:03",1,0,0,0,0,"0341- 4807844",,,,,,,,,,,,,,,,,,,,,,,,,,,,1,,,,,,,,0,,,,,,,,0,0,369,Argentina,,"Santa Fe",0,
1183,0,,,,"Centro de Salud Juan B Justo",,"Juan B. Justo",2083,,,"Distrito Norte",369,45,5,1,,,-31.6106578,-60.697294,,,"2017-02-11 00:04:03","2017-02-11 00:04:03",1,0,0,0,0,0341/4804657,,,,,,,,,,,,,,,,,,,,,,,,,,,,1,,,,,,,,0,,,,,,,,0,0,369,Argentina,,"Santa Fe",0,
1184,0,,,,"Centro de Salud La Boca - Ramon Rivero",,"Manzana 10",,,,"Santa Fe",369,45,5,1,,,-31.6106578,-60.697294,,,"2017-02-11 00:04:03","2017-02-11 00:04:03",1,0,0,0,0,0342-156152067,,,,,,,,,,,,,,,,,,,,,,,,,,,,1,,,,,,,,0,,,,,,,,0,0,369,Argentina,,"Santa Fe",0,
1185,0,,,,"Centro de Salud La Lola",,"Asentamiento AborÃ­gen La Lola",,,,"La Lola",369,45,5,1,,,-31.6106578,-60.697294,,,"2017-02-11 00:04:03","2017-02-11 00:04:03",1,0,0,0,0,"03482 15551108",,,,,,,,,,,,,,,,,,,,,,,,,,,,1,,,,,,,,0,,,,,,,,0,0,369,Argentina,,"Santa Fe",0,
1186,0,,,,"Centro de Salud Las Lomas",,"Camino Viejo A Esperanza",7000,,,"Santa Fe",369,45,5,1,,,-31.6106578,-60.697294,,,"2017-02-11 00:04:03","2017-02-11 00:04:03",1,0,0,0,0,,,,,,,,,,,,,,,,,,,,,,,,,,,,,1,,,,,,,,0,,,,,,,,0,0,369,Argentina,,"Santa Fe",0,
1187,0,,,,"Centro de Salud Los Laureles",,"Zona Rural",,,,"Los Laureles",369,45,5,1,,,-31.6106578,-60.697294,,,"2017-02-11 00:04:03","2017-02-11 00:04:03",1,0,0,0,0,,,,,,,,,,,,,,,,,,,,,,,,,,,,,1,,,,,,,,0,,,,,,,,0,0,369,Argentina,,"Santa Fe",0,
1188,0,,,,"Centro de Salud Matilde",,"Santa Fe",632,,,Matilde,369,45,5,1,,,-31.6106578,-60.697294,,,"2017-02-11 00:04:03","2017-02-11 00:04:03",1,0,0,0,0,0342-4993139,,,,,,,,,,,,,,,,,,,,,,,,,,,,1,,,,,,,,0,,,,,,,,0,0,369,Argentina,,"Santa Fe",0,
1189,0,,,,"Centro de Salud Montefiore",,"Dr. Luis Drunge","sin nÃºmero",,,Montefiore,369,45,5,1,,,-31.6106578,-60.697294,,,"2017-02-11 00:04:03","2017-02-11 00:04:03",1,0,0,0,0,,,,,,,,,,,,,,,,,,,,,,,,,,,,,1,,,,,,,,0,,,,,,,,0,0,369,Argentina,,"Santa Fe",0,
1190,0,,,,"Centro de Salud N 22 Gonzalez Loza",,"Pasaje Bologna",4787,,,"Distrito Sudoeste",369,45,5,1,,,-31.6106578,-60.697294,,,"2017-02-11 00:04:03","2017-02-11 00:04:03",1,0,0,0,0,0341-4809430,,,,,,,,,,,,,,,,,,,,,,,,,,,,1,,,,,,,,0,,,,,,,,0,0,369,Argentina,,"Santa Fe",0,
1191,0,,,,"Centro de Salud N 28 Sargento Cabral",,"Punta Indio",8428,,,"Distrito Sudoeste / Barrio Puente Gallego",369,45,5,1,,,-31.6106578,-60.697294,,,"2017-02-11 00:04:03","2017-02-11 00:04:03",1,0,0,0,0,0341/4809436,,,,,,,,,,,,,,,,,,,,,,,,,,,,1,,,,,,,,0,,,,,,,,0,0,369,Argentina,,"Santa Fe",0,
1192,0,,,,"Centro de Salud Cabal",,"Ob. Boneo",5400,,,"La Capital",369,45,5,1,,,-31.6106578,-60.697294,,,"2017-02-11 00:04:03","2017-02-11 00:04:03",1,0,0,0,0,"03498-15444831 (medico)",,,sÃ­,"03498-15444831 (medico)",,,,,,,,,,,,,,,,,,,,,,,,1,,,,,,,,0,,,,,,,,0,0,369,Argentina,,"Santa Fe",0,
1193,0,,,,"Centro de Salud CabaÃ±a Leiva",,"Edmundo Rosas",1030,,,"La Capital",369,45,5,1,,,-31.6106578,-60.697294,,,"2017-02-11 00:04:03","2017-02-11 00:04:03",1,0,0,0,0,"0342-4579219 centrex 9219",,,sÃ­,"0342-4579219 centrex 9219",,,,,,,,,,,,,,,,,,,,,,,,1,,,,,,,,0,,,,,,,,0,0,369,Argentina,,"Santa Fe",0,
1194,0,,,,"Hospital Eva Peron",Hospital,"Ruta 11","sin nÃºmero",,,Baigorria,369,45,5,1,,,-31.6106578,-60.697294,,,"2017-02-11 00:04:03","2017-02-11 00:04:03",1,0,0,0,0,"0341/4710962/940 4711881",,,sÃ­,"0341/4710962/940 4711881",,,,,,,,,,,,,,,,,,,,,,,,1,,,,,,,,0,,,,,,,,0,0,369,Argentina,,"Santa Fe",0,
1195,0,,,,"Centro de Salud San Jeronimo Del Sauce",,"San JosÃ©",725,,,"San Jeronimo Del Sauce",369,45,5,1,,,-31.6086769,-61.140637,,,"2017-02-11 00:04:03","2017-02-11 00:04:03",1,0,0,0,0,"03404- 495015",,,,,,,,,,,,,,,,,,,,,,,,,,,,1,,,,,,,,0,,,,,,,,0,0,369,Argentina,,"Santa Fe",0,
1197,0,,,,"Centro de Salud Padre Cobo",,"Pedro De Vega",3800,,,"Santa Fe",369,45,5,1,,,-31.6075312,-60.7118091,,,"2017-02-11 00:04:03","2017-02-11 00:04:03",1,0,0,0,0,"0342-4579244 Centrex 9244",,,,,,,,,,,,,,,,,,,,,,,,,,,,1,,,,,,,,0,,,,,,,,0,0,369,Argentina,,"Santa Fe",0,
1198,0,,,,"Centro de Salud Barrio Villa Hipodromo",,"Blas Parera",6110,,,"Santa Fe",369,45,5,1,,,-31.607265,-60.7196149,,,"2017-02-11 00:04:03","2017-02-11 00:04:03",1,0,0,0,0,"0342 - 4579279 ctx 9279",,,,,,,,,,,,,,,,,,,,,,,,,,,,1,,,,,,,,0,,,,,,,,0,0,369,Argentina,,"Santa Fe",0,
1199,0,,,,"Centro de Salud Arroyo Aguiar",,"Av. San MartÃ­n",46,,,"Arroyo Aguiar",369,45,5,1,,,-31.6048761,-60.5734,,,"2017-02-11 00:04:03","2017-02-11 00:04:03",1,0,0,0,0,0342/4572544," centrex: 2544",,,,,,,,,,,,,,,,,,,,,,,,,,,,1,,,,,,,,0,,,,,,,,0,0,369,Argentina,,"Santa Fe",0,
1200,0,,,,"Centro de Salud Bella Italia",,"Santa Fe",31,,,"Bella Italia",369,45,5,1,,,-31.6031305,-60.6652315,,,"2017-02-11 00:04:03","2017-02-11 00:04:03",1,0,0,0,0,03492-497009-497077-497740,,,,,,,,,,,,,,,,,,,,,,,,,,,,1,,,,,,,,0,,,,,,,,0,0,369,Argentina,,"Santa Fe",0,
1201,0,,,,"Centro de Salud Guadalupe Central Padre Trucco",,"Javier De La Rosa",1055,,,"Santa Fe",369,45,5,1,,,-31.602994,-60.6755,,,"2017-02-11 00:04:03","2017-02-11 00:04:03",1,0,0,0,0,"0342- 4578924 ctx 8924",,,,,,,,,,,,,,,,,,,,,,,,,,,,1,,,,,,,,0,,,,,,,,0,0,369,Argentina,,"Santa Fe",0,
1202,0,,,,"Centro de Salud Mabel Montes - Bo Guadalupe Oeste",,"Risso 1745",,,,"Santa Fe",369,45,5,1,,,-31.6029885,-60.6836482,,,"2017-02-11 00:04:03","2017-02-11 00:04:03",1,0,0,0,0,0342/4579209," centrex: 9209",,,,,,,,,,,,,,,,,,,,,,,,,,,,1,,,,,,,,0,,,,,,,,0,0,369,Argentina,,"Santa Fe",0,
1203,0,,,,"Centro de Salud San Jose Del Rincon",,Busaniche,,"San MartÃ­n","San MartÃ­n","San Jose Del Rincon",369,45,5,1,,,-31.6000004,-60.5833282,,,"2017-02-11 00:04:03","2017-02-11 00:04:03",1,0,0,0,0,"(0342) 457-7713 ctrex 7713",,,,,,,,,,,,,,,,,,,,,,,,,,,,1,,,,,,,,0,,,,,,,,0,0,369,Argentina,,"Santa Fe",0,
1204,0,,,,"Centro de Salud Capilla San Jose",,"San JosÃ©",7040,,,"Santa Fe",369,45,5,1,,,-31.5998807,-60.7094791,,,"2017-02-11 00:04:03","2017-02-11 00:04:03",1,0,0,0,0,"0342/4579220- centrex: 9220",,,,,,,,,,,,,,,,,,,,,,,,,,,,1,,,,,,,,0,,,,,,,,0,0,369,Argentina,,"Santa Fe",0,
1205,0,,,,"Centro de Salud N 8 Barrio San Martin",,"M. Alberti",4413,,,"Santa Fe",369,45,5,1,,,-31.5967633,-60.7169016,,,"2017-02-11 00:04:03","2017-02-11 00:04:03",1,0,0,0,0,"0342-4579234 - Centrex:9234",,,,,,,,,,,,,,,,,,,,,,,,,,,,1,,,,,,,,0,,,,,,,,0,0,369,Argentina,,"Santa Fe",0,
1206,0,,,,"Centro de Salud San Agustin - La Capital",,"Teniente Loza 7100 (a 10 Cuadras De Av Blas Parera",,,,"Santa Fe",369,45,5,1,,,-31.5943818,-60.7233975,,,"2017-02-11 00:04:03","2017-02-11 00:04:03",1,0,0,0,0,"0342-4579299 centrex 9299",,,,,,,,,,,,,,,,,,,,,,,,,,,,1,,,,,,,,0,,,,,,,,0,0,369,Argentina,,"Santa Fe",0,
1207,0,,,,"Cic Loyola Sur",,"J. Civils",6539,,,"Santa Fe",369,45,5,1,,,-31.5943818,-60.7233975,,,"2017-02-11 00:04:03","2017-02-11 00:04:03",1,0,0,0,0,"0342-4579262 ctx 9262",,,,,,,,,,,,,,,,,,,,,,,,,,,,1,,,,,,,,0,,,,,,,,0,0,369,Argentina,,"Santa Fe",0,
1208,0,,,,"Centro de Salud Altos De Nogueras",,Lamadrid,10590,,,"Santa Fe",369,45,5,1,,,-31.5926722,-60.7129986,,,"2017-02-11 00:04:03","2017-02-11 00:04:03",1,0,0,0,0,"0342-4800311 (ctrex 4311)",,,,,,,,,,,,,,,,,,,,,,,,,,,,1,,,,,,,,0,,,,,,,,0,0,369,Argentina,,"Santa Fe",0,
1210,0,,,,"Centro de Salud Setubal",,Riobamba,,French,French,"Santa Fe",369,45,5,1,,,-31.5918541,-60.694681,,,"2017-02-11 00:04:03","2017-02-11 00:04:03",1,0,0,0,0,"0342-4579038 ctx 9038",,,,,,,,,,,,,,,,,,,,,,,,,,,,1,,,,,,,,0,,,,,,,,0,0,369,Argentina,,"Santa Fe",0,
1211,0,,,,"Centro de Salud Telmo Emilio Albrecht (ex N 6)",,"9 De julio",8075,,,Franck,369,45,5,1,,,-31.5869533,-60.9409177,,,"2017-02-11 00:04:03","2017-02-11 00:04:03",1,0,0,0,0,,,,,,,,,,,,,,,,,,,,,,,,,,,,,1,,,,,,,,0,,,,,,,,0,0,369,Argentina,,"Santa Fe",0,
1212,0,,,,"Hospital Sayago",Hospital,"Blas Parera",8262,,,"Santa Fe",369,45,5,1,,,-31.5849591,-60.7259,,,"2017-02-11 00:04:03","2017-02-11 00:04:03",1,0,0,0,0,0342-4579226-37,,,,,,,,,,,,,,,,,,,,,,,,,,,,1,,,,,,,,0,,,,,,,,0,0,369,Argentina,,"Santa Fe",0,
1215,0,,,,"Hospital General Polivalente Dr Mira Y Lopez",Hospital,"Blas Parera",8430,,,"Santa Fe",369,45,5,1,,,-31.5825,-60.7264517,,,"2017-02-11 00:04:03","2017-02-11 00:04:03",1,0,0,0,0,4579224/25/29/36/39/61,,,,,,,,,,,,,,,,,,,,,,,,,,,,1,,,,,,,,0,,,,,,,,0,0,369,Argentina,,"Santa Fe",0,
1216,0,,,,"Centro de Salud Policlinico Barrio Centenario",,Pietrabuena,3164,,,"Santa Fe",369,45,5,1,,,-31.5806496,-60.7168985,,,"2017-02-11 00:04:03","2017-02-11 00:04:03",1,0,0,0,0,0342-4573368,,,,,,,,,,,,,,,,,,,,,,,,,,,,1,,,,,,,,0,,,,,,,,0,0,369,Argentina,,"Santa Fe",0,
1217,0,,,,"Centro de Salud Barrio Los Troncos",,"Dr. Troncoso 8191",8190,,,"Santa Fe",369,45,5,1,,,-31.5799581,-60.7443731,,,"2017-02-11 00:04:03","2017-02-11 00:04:03",1,0,0,0,0,"0342-4579292 ctx 9292",,,,,,,,,,,,,,,,,,,,,,,,,,,,1,,,,,,,,0,,,,,,,,0,0,369,Argentina,,"Santa Fe",0,
1218,0,,,,"Centro de Salud Estanislao Lopez",,Piedrabuena,6066,,,"Santa Fe",369,45,5,1,,,-31.5790344,-60.7274055,,,"2017-02-11 00:04:03","2017-02-11 00:04:03",1,0,0,0,0,"0342-4579288 centrex 9288",,,,,,,,,,,,,,,,,,,,,,,,,,,,1,,,,,,,,0,,,,,,,,0,0,369,Argentina,,"Santa Fe",0,
1219,0,,,,"Centro de Salud Altos Del Valle",,"Las Azucenas",10350,,,"Santa Fe",369,45,5,1,,,-31.5727529,-60.6843855,,,"2017-02-11 00:04:03","2017-02-11 00:04:03",1,0,0,0,0,"0342-4579217 ctx 9217",,,,,,,,,,,,,,,,,,,,,,,,,,,,1,,,,,,,,0,,,,,,,,0,0,369,Argentina,,"Santa Fe",0,
1220,0,,,,"Centro de Salud Las Tunas",,"San MartÃ­n","sin nÃºmero",,,"Las Tunas",369,45,5,1,,,-31.5719837,-60.9962289,,,"2017-02-11 00:04:03","2017-02-11 00:04:03",1,0,0,0,0,"0342 4992002 ctx 5442",,,,,,,,,,,,,,,,,,,,,,,,,,,,1,,,,,,,,0,,,,,,,,0,0,369,Argentina,,"Santa Fe",0,
1221,0,,,,"Centro de Salud Barrio Yapeyu",,"12 De octubre",9711,,,"Santa Fe",369,45,5,1,,,-31.5673698,-60.7388,,,"2017-02-11 00:04:03","2017-02-11 00:04:03",1,0,0,0,0,0342-4579138,,,,,,,,,,,,,,,,,,,,,,,,,,,,1,,,,,,,,0,,,,,,,,0,0,369,Argentina,,"Santa Fe",0,
1223,0,,,,"Centro de Salud Aaron Castellanos",,"Aaron Castellanos","sin nÃºmero",,,"Aaron Castellanos",369,45,5,1,,,-31.5638391,-60.7323,,,"2017-02-11 00:04:03","2017-02-11 00:04:03",1,0,0,0,0,"03382 498028",,,,,,,,,,,,,,,,,,,,,,,,,,,,1,,,,,,,,0,,,,,,,,0,0,369,Argentina,,"Santa Fe",0,
1226,0,,,,"Centro de Salud San Jeronimo Norte",,"9 De julio",702,,,"San Jeronimo Norte",369,45,5,1,,,-31.5561,-61.0768502,,,"2017-02-11 00:04:03","2017-02-11 00:04:03",1,0,0,0,0,"03404 - 460054",,,,,,,,,,,,,,,,,,,,,,,,,,,,1,,,,,,,,0,,,,,,,,0,0,369,Argentina,,"Santa Fe",0,
1231,0,,,,"Centro de Salud Angelica",,"Lisandro De La Torre",137,,,Angelica,369,45,5,1,,,-31.5503654,-61.5457504,,,"2017-02-11 00:04:03","2017-02-11 00:04:03",1,0,0,0,0,03492/487534,,,,,,,,,,,,,,,,,,,,,,,,,,,,1,,,,,,,,0,,,,,,,,0,0,369,Argentina,,"Santa Fe",0,
1238,0,,,,"Centro de Salud Barrio Parque",,"Crucero Belgrano",,,,Recreo,369,45,5,1,,,-31.5286343,-60.7271745,,,"2017-02-11 00:04:03","2017-02-11 00:04:03",1,0,0,0,0,0342-154297725,,,,,,,,,,,,,,,,,,,,,,,,,,,,1,,,,,,,,0,,,,,,,,0,0,369,Argentina,,"Santa Fe",0,
1240,0,,,,"Centro de Salud Estacion Clucellas",,"Presidente PerÃ³n",,"9 De julio","9 De julio","Estacion Clucellas",369,45,5,1,,,-31.5232584,-61.7203,,,"2017-02-11 00:04:03","2017-02-11 00:04:03",1,0,0,0,0,03492/495374,,,,,,,,,,,,,,,,,,,,,,,,,,,,1,,,,,,,,0,,,,,,,,0,0,369,Argentina,,"Santa Fe",0,
1243,0,,,,"Centro de Salud Monte Vera",,"General LÃ³pez",5718,,,"Monte Vera",369,45,5,1,,,-31.515255,-60.6735,,,"2017-02-11 00:04:03","2017-02-11 00:04:03",1,0,0,0,0,"0342/4904033 centrex9246",,,,,,,,,,,,,,,,,,,,,,,,,,,,1,,,,,,,,0,,,,,,,,0,0,369,Argentina,,"Santa Fe",0,
1252,0,,,,"Centro de Salud Recreo Sur",,"Juan De Garay",5200,,,Recreo,369,45,5,1,,,-31.4987545,-60.730844,,,"2017-02-11 00:04:03","2017-02-11 00:04:03",1,0,0,0,0,0342-4905063-155134529,,,,,,,,,,,,,,,,,,,,,,,,,,,,1,,,,,,,,0,,,,,,,,0,0,369,Argentina,,"Santa Fe",0,
1254,0,,,,"Centro de Salud Recreo",,"Av. Mitre",,Caferata,Caferata,Recreo,369,45,5,1,,,-31.4908772,-60.7356773,,,"2017-02-11 00:04:03","2017-02-11 00:04:03",1,0,0,0,0,"0342-4960450 centrex 7015",,,,,,,,,,,,,,,,,,,,,,,,,,,,1,,,,,,,,0,,,,,,,,0,0,369,Argentina,,"Santa Fe",0,
1255,0,,,,"Centro de Salud Ceferino Namuncara",,"Santiago Del Estero",216,,,Esperanza,369,45,5,1,,,-31.4677145,-60.9391398,,,"2017-02-11 00:04:03","2017-02-11 00:04:03",1,0,0,0,0,0341-4807842,,,,,,,,,,,,,,,,,,,,,,,,,,,,1,,,,,,,,0,,,,,,,,0,0,369,Argentina,,"Santa Fe",0,
1256,0,,,,"Centro de Salud Barrio Unidos",,PerÃº,710,,,Esperanza,369,45,5,1,,,-31.4523504,-60.9047,,,"2017-02-11 00:04:03","2017-02-11 00:04:03",1,0,0,0,0,"03496-428610 centrex 4370",,,,,,,,,,,,,,,,,,,,,,,,,,,,1,,,,,,,,0,,,,,,,,0,0,369,Argentina,,"Santa Fe",0,
1257,0,,,,"Centro de Salud Plaza Clucellas",,"Bv. Buenos Aires",235,,,"Plaza Clucellas",369,45,5,1,,,-31.4516263,-61.7066843,,,"2017-02-11 00:04:03","2017-02-11 00:04:03",1,0,0,0,0,03492-499337,,,,,,,,,,,,,,,,,,,,,,,,,,,,1,,,,,,,,0,,,,,,,,0,0,369,Argentina,,"Santa Fe",0,
1258,0,,,,"S.A.M.Co. Esperanza",,"Rdo P A Jansen",2693,,,Esperanza,369,45,5,1,,,-31.4489859,-60.9304,,,"2017-02-11 00:04:03","2017-02-11 00:04:03",1,0,0,0,0,"03496-420027/0263/0317- 6883",,,,,,,,,,,,,,,,,,,,,,,,,,,,1,,,,,,,,0,,,,,,,,0,0,369,Argentina,,"Santa Fe",0,
1259,0,,,,"Centro de Salud Dr Esteban Maradona - Esperanza",,"SimÃ³n De Iriondo",5888,,,Esperanza,369,45,5,1,,,-31.4489859,-60.9304,,,"2017-02-11 00:04:03","2017-02-11 00:04:03",1,0,0,0,0,"03496-422574 centrex 4254",,,,,,,,,,,,,,,,,,,,,,,,,,,,1,,,,,,,,0,,,,,,,,0,0,369,Argentina,,"Santa Fe",0,
1260,0,,,,"S.A.M.Co. Geriatrico J Vionet",,Benefactores,1159,,,Pilar,369,45,5,1,,,-31.4415293,-61.2668,,,"2017-02-11 00:04:03","2017-02-11 00:04:03",1,0,0,0,0,03404/470061-470361,,,,,,,,,,,,,,,,,,,,,,,,,,,,1,,,,,,,,0,,,,,,,,0,0,369,Argentina,,"Santa Fe",0,
1261,0,,,,"Centro de Salud Barrio Norte",,"Entre RÃ­os",1960,,,Pilar,369,45,5,1,,,-31.4344,-61.2512537,,,"2017-02-11 00:04:03","2017-02-11 00:04:03",1,0,0,0,0,"03404 -471221",,,,,,,,,,,,,,,,,,,,,,,,,,,,1,,,,,,,,0,,,,,,,,0,0,369,Argentina,,"Santa Fe",0,
1263,0,,,,"Centro de Salud Barrio Francucci",,"Calle 54 Âº",270,,,Frontera,369,45,5,1,,,-31.425839,-62.0616,,,"2017-02-11 00:04:03","2017-02-11 00:04:03",1,0,0,0,0,"03564 438853",,,,,,,,,,,,,,,,,,,,,,,,,,,,1,,,,,,,,0,,,,,,,,0,0,369,Argentina,,"Santa Fe",0,
1264,0,,,,"Centro de Salud Barrio San Roque",,"Calle 94 Âº",575,,,Frontera,369,45,5,1,,,-31.425839,-62.0616,,,"2017-02-11 00:04:03","2017-02-11 00:04:03",1,0,0,0,0,"03564- 311005 centrex 7645",,,,,,,,,,,,,,,,,,,,,,,,,,,,1,,,,,,,,0,,,,,,,,0,0,369,Argentina,,"Santa Fe",0,
1265,0,,,,"Centro de Salud Barrio Villani",,"Calle 100",7,,,Frontera,369,45,5,1,,,-31.4219897,-62.0596,,,"2017-02-11 00:04:03","2017-02-11 00:04:03",1,0,0,0,0,"03564 311001",,,,,,,,,,,,,,,,,,,,,,,,,,,,1,,,,,,,,0,,,,,,,,0,0,369,Argentina,,"Santa Fe",0,
1266,0,,,,"Centro de Salud Aurelia",,Aurelia,,,,Aurelia,369,45,5,1,,,-31.4217324,-61.4241,,,"2017-02-11 00:04:03","2017-02-11 00:04:03",1,0,0,0,0,03492-488032,,,,,,,,,,,,,,,,,,,,,,,,,,,,1,,,,,,,,0,,,,,,,,0,0,369,Argentina,,"Santa Fe",0,
1267,0,,,,"S.A.M.Co. Santa Rosa De Calchines",,CÃ³rdoba,420,,,"Santa Rosa De Calchines",369,45,5,1,,,-31.4216013,-60.3335545,,,"2017-02-11 00:04:03","2017-02-11 00:04:03",1,0,0,0,0,"0342/4908034-Centrex 2550",,,,,,,,,,,,,,,,,,,,,,,,,,,,1,,,,,,,,0,,,,,,,,0,0,369,Argentina,,"Santa Fe",0,
1273,0,,,,"Centro de Salud Barrio Acapulco Y Vera Cruz",,"Calle 12",,,,Josefina,369,45,5,1,,,-31.4062507,-61.992,,,"2017-02-11 00:04:03","2017-02-11 00:04:03",1,0,0,0,0,,,,,,,,,,,,,,,,,,,,,,,,,,,,,1,,,,,,,,0,,,,,,,,0,0,369,Argentina,,"Santa Fe",0,
1274,0,,,,"Centro de Salud Josefina",,Corrientes,"sin nÃºmero",,,Josefina,369,45,5,1,,,-31.4062507,-61.992,,,"2017-02-11 00:04:03","2017-02-11 00:04:03",1,0,0,0,0,03492-15599315,,,,,,,,,,,,,,,,,,,,,,,,,,,,1,,,,,,,,0,,,,,,,,0,0,369,Argentina,,"Santa Fe",0,
1277,0,,,,"Centro de Salud Candioti",,"Belgrano Candioti","sin nÃºmero",,,Candioti,369,45,5,1,,,-31.4008237,-60.7485,,,"2017-02-11 00:04:03","2017-02-11 00:04:03",1,0,0,0,0,,,,,,,,,,,,,,,,,,,,,,,,,,,,,1,,,,,,,,0,,,,,,,,0,0,369,Argentina,,"Santa Fe",0,
1278,0,,,,"Centro de Salud Colonia Nueva",,"Santiago Copes","sin nÃºmero",,,Humboldt,369,45,5,1,,,-31.3990364,-61.0818911,,,"2017-02-11 00:04:03","2017-02-11 00:04:03",1,0,0,0,0,,,,,,,,,,,,,,,,,,,,,,,,,,,,,1,,,,,,,,0,,,,,,,,0,0,369,Argentina,,"Santa Fe",0,
1279,0,,,,"Centro de Salud Humboldt",,"Av. Santos Pedro Viani",1543,,,Humboldt,369,45,5,1,,,-31.3990364,-61.0818911,,,"2017-02-11 00:04:03","2017-02-11 00:04:03",1,0,0,0,0,03496/480016," centrex: 1284",,,,,,,,,,,,,,,,,,,,,,,,,,,,1,,,,,,,,0,,,,,,,,0,0,369,Argentina,,"Santa Fe",0,
1281,0,,,,"Centro de Salud Susana",,Cabildo,,"San MartÃ­n","San MartÃ­n",Susana,369,45,5,1,,,-31.3554539,-61.5180585,,,"2017-02-11 00:04:03","2017-02-11 00:04:03",1,0,0,0,0,03492-482310,,,,,,,,,,,,,,,,,,,,,,,,,,,,1,,,,,,,,0,,,,,,,,0,0,369,Argentina,,"Santa Fe",0,
1282,0,,,,"S.A.M.Co. Santa Clara De Saguier",,Echeverria,58,,,"Santa Clara De Saguier",369,45,5,1,,,-31.3389562,-61.8273,,,"2017-02-11 00:04:03","2017-02-11 00:04:03",1,0,0,0,0,03492/490019," centrex: 1256",,,,,,,,,,,,,,,,,,,,,,,,,,,,1,,,,,,,,0,,,,,,,,0,0,369,Argentina,,"Santa Fe",0,
1283,0,,,,"Centro de Salud Saguier",,"Buenos Aires",,"Santa Fe","Santa Fe","Plaza Saguier",369,45,5,1,,,-31.3259205,-61.6685402,,,"2017-02-11 00:04:03","2017-02-11 00:04:03",1,0,0,0,0,03492/486038,,,,,,,,,,,,,,,,,,,,,,,,,,,,1,,,,,,,,0,,,,,,,,0,0,369,Argentina,,"Santa Fe",0,
1286,0,,,,"Centro de Salud Pbro German Yossen",,"Bo. Los Hornos Laguna Paiva",,,,"Laguna Paiva",369,45,5,1,,,-31.3053744,-60.6605309,,,"2017-02-11 00:04:03","2017-02-11 00:04:03",1,0,0,0,0,,,,,,,,,,,,,,,,,,,,,,,,,,,,,1,,,,,,,,0,,,,,,,,0,0,369,Argentina,,"Santa Fe",0,
1287,0,,,,"Centro de Salud Barrio Talleres - L Paiva",,"BartolomÃ© Mitre 3157",,,,"Laguna Paiva",369,45,5,1,,,-31.3053744,-60.6605309,,,"2017-02-11 00:04:03","2017-02-11 00:04:03",1,0,0,0,0,,,,,,,,,,,,,,,,,,,,,,,,,,,,,1,,,,,,,,0,,,,,,,,0,0,369,Argentina,,"Santa Fe",0,
1288,0,,,,"Centro de Salud Campo Andino",,"Av. Julio B. OroÃ±o",417,,,"Laguna Paiva",369,45,5,1,,,-31.3053744,-60.6605309,,,"2017-02-11 00:04:03","2017-02-11 00:04:03",1,0,0,0,0,"03497/494751 centrex 7871",,,sÃ­,"03497/494751 centrex 7871",,,,,,,,,,,,,,,,,,,,,,,,1,,,,,,,,0,,,,,,,,0,0,369,Argentina,,"Santa Fe",0,
1289,0,,,,"Centro de Salud N 7 - 17 De Octubre",,"MonseÃ±or Zaspe",1899,,,Rafaela,369,45,5,1,,,-31.2685873,-61.5075,,,"2017-02-11 00:04:03","2017-02-11 00:04:03",1,0,0,0,0,03492-453124,,,,,,,,,,,,,,,,,,,,,,,,,,,,1,,,,,,,,0,,,,,,,,0,0,369,Argentina,,"Santa Fe",0,
1290,0,,,,"S.A.M.Co. Nelson",,"San MartÃ­n",264,,,Nelson,369,45,5,1,,,-31.2655295,-60.7626,,,"2017-02-11 00:04:03","2017-02-11 00:04:03",1,0,0,0,0,0342-4572551/4902810,,,,,,,,,,,,,,,,,,,,,,,,,,,,1,,,,,,,,0,,,,,,,,0,0,369,Argentina,,"Santa Fe",0,
1292,0,,,,"Centro de Salud N 4 Virgen De Fatima",,"Luis Braille",1095,,,Rafaela,369,45,5,1,,,-31.2525979,-61.4916,,,"2017-02-11 00:04:03","2017-02-11 00:04:03",1,0,0,0,0,03492/426430,,,,,,,,,,,,,,,,,,,,,,,,,,,,1,,,,,,,,0,,,,,,,,0,0,369,Argentina,,"Santa Fe",0,
1293,0,,,,"Centro de Salud N 6 Barrio Amancay",,"Martin Oliber",1206,,,Rafaela,369,45,5,1,,,-31.2525979,-61.4916,,,"2017-02-11 00:04:03","2017-02-11 00:04:03",1,0,0,0,0,03492-431888,,,,,,,,,,,,,,,,,,,,,,,,,,,,1,,,,,,,,0,,,,,,,,0,0,369,Argentina,,"Santa Fe",0,
1294,0,,,,"Centro de Salud N 8 Barrio Italia",,"Cristobal Bollinger",161,,,Rafaela,369,45,5,1,,,-31.2525979,-61.4916,,,"2017-02-11 00:04:03","2017-02-11 00:04:03",1,0,0,0,0,03492/423332,,,,,,,,,,,,,,,,,,,,,,,,,,,,1,,,,,,,,0,,,,,,,,0,0,369,Argentina,,"Santa Fe",0,
1295,0,,,,"Centro de Salud N 9 Barrio Jardin",,Brasca,"sin nÃºmero",,,Rafaela,369,45,5,1,,,-31.2525979,-61.4916,,,"2017-02-11 00:04:03","2017-02-11 00:04:03",1,0,0,0,0,03492-453103,,,,,,,,,,,,,,,,,,,,,,,,,,,,1,,,,,,,,0,,,,,,,,0,0,369,Argentina,,"Santa Fe",0,
1296,0,,,,"Centro de Salud 10 2 De Abril",,Cortazza,,"M. Cetta","M. Cetta",Rafaela,369,45,5,1,,,-31.2525979,-61.4916,,,"2017-02-11 00:04:03","2017-02-11 00:04:03",1,0,0,0,0,,,,,,,,,,,,,,,,,,,,,,,,,,,,,1,,,,,,,,0,,,,,,,,0,0,369,Argentina,,"Santa Fe",0,
1297,0,,,,"Centro de Salud N 1 - Rafaela",,Francia,,Peterlin,Peterlin,Rafaela,369,45,5,1,,,-31.2525979,-61.4916,,,"2017-02-11 00:04:03","2017-02-11 00:04:03",1,0,0,0,0,03492/452849,,,,,,,,,,,,,,,,,,,,,,,,,,,,1,,,,,,,,0,,,,,,,,0,0,369,Argentina,,"Santa Fe",0,
1298,0,,,,"Centro de Salud N 3 Santa Rosa De Lima",,"Santa Rosa",727,,,Rafaela,369,45,5,1,,,-31.2504228,-61.4689,,,"2017-02-11 00:04:03","2017-02-11 00:04:03",1,0,0,0,0,03492/453123,,,,,,,,,,,,,,,,,,,,,,,,,,,,1,,,,,,,,0,,,,,,,,0,0,369,Argentina,,"Santa Fe",0,
1299,0,,,,"S.A.M.Co. Felicia",,Rivadavia,759,,,Felicia,369,45,5,1,,,-31.2453789,-61.2141,,,"2017-02-11 00:04:03","2017-02-11 00:04:03",1,0,0,0,0,"03496/491147 centrex 1287",,,,,,,,,,,,,,,,,,,,,,,,,,,,1,,,,,,,,0,,,,,,,,0,0,369,Argentina,,"Santa Fe",0,
1300,0,,,,"Centro de Salud Consultorio Periferico Movil",,"Lisandro De La Torre",687,,,Rafaela,369,45,5,1,,,-31.2446835,-61.5007977,,,"2017-02-11 00:04:03","2017-02-11 00:04:03",1,0,0,0,0,,,,,,,,,,,,,,,,,,,,,,,,,,,,,1,,,,,,,,0,,,,,,,,0,0,369,Argentina,,"Santa Fe",0,
1301,0,,,,"S.A.M.Co. Dr Jaime Ferre",,"Lisandro De La Torre",737,,,Rafaela,369,45,5,1,,,-31.2442157,-61.5007,,,"2017-02-11 00:04:03","2017-02-11 00:04:03",1,0,0,0,0,"03492/421621Ctrex 6520-6521",,,,,,,,,,,,,,,,,,,,,,,,,,,,1,,,,,,,,0,,,,,,,,0,0,369,Argentina,,"Santa Fe",0,
1302,0,,,,"Centro de Salud N 2 Materno Infantil",,"Ciudad De Esperanza",1550,,,Rafaela,369,45,5,1,,,-31.2391598,-61.4828962,,,"2017-02-11 00:04:03","2017-02-11 00:04:03",1,0,0,0,0,03492/441085,,,,,,,,,,,,,,,,,,,,,,,,,,,,1,,,,,,,,0,,,,,,,,0,0,369,Argentina,,"Santa Fe",0,
1304,0,,,,"Centro de Salud N 5 Martin M Guemes",,"Luis Maggi",2040,,,Rafaela,369,45,5,1,,,-31.2353,-61.5081656,,,"2017-02-11 00:04:03","2017-02-11 00:04:03",1,0,0,0,0,03492/440199,,,,,,,,,,,,,,,,,,,,,,,,,,,,1,,,,,,,,0,,,,,,,,0,0,369,Argentina,,"Santa Fe",0,
1305,0,,,,"Centro de Salud Presidente Roca",,"P. Pedro Torres",59,,,"Presidente Roca (Presidente Roca)",369,45,5,1,,,-31.2134962,-61.6139,,,"2017-02-11 00:04:03","2017-02-11 00:04:03",1,0,0,0,0,03492-482310,,,,,,,,,,,,,,,,,,,,,,,,,,,,1,,,,,,,,0,,,,,,,,0,0,369,Argentina,,"Santa Fe",0,
1306,0,,,,"S.A.M.Co. Cayasta",,"Alvaro Gil","sin nÃºmero",,,Cayasta,369,45,5,1,,,-31.1989074,-60.1597187,,,"2017-02-11 00:04:03","2017-02-11 00:04:03",1,0,0,0,0,03405/493011," centrex: 6226",,,,,,,,,,,,,,,,,,,,,,,,,,,,1,,,,,,,,0,,,,,,,,0,0,369,Argentina,,"Santa Fe",0,
1307,0,,,,"Centro de Salud Campo Del Medio",,"Campo Del Medio",,,,Cayasta,369,45,5,1,,,-31.1989074,-60.1597187,,,"2017-02-11 00:04:03","2017-02-11 00:04:03",1,0,0,0,0,03405-470154(casa),,,,,,,,,,,,,,,,,,,,,,,,,,,,1,,,,,,,,0,,,,,,,,0,0,369,Argentina,,"Santa Fe",0,
1308,0,,,,"Centro de Salud Llambi Campbell",,Laprida,331,,,"Llambi Campbell",369,45,5,1,,,-31.1870133,-60.7483,,,"2017-02-11 00:04:03","2017-02-11 00:04:03",1,0,0,0,0,03497-421020,,,,,,,,,,,,,,,,,,,,,,,,,,,,1,,,,,,,,0,,,,,,,,0,0,369,Argentina,,"Santa Fe",0,
1309,0,,,,"Centro de Salud Dr Jose Costa",,"Aaron Castellanos",204,,,"Coronel Fraga",369,45,5,1,,,-31.174469,-61.9178238,,,"2017-02-11 00:04:03","2017-02-11 00:04:03",1,0,0,0,0,03492-481088,,,,,,,,,,,,,,,,,,,,,,,,,,,,1,,,,,,,,0,,,,,,,,0,0,369,Argentina,,"Santa Fe",0,
1310,0,,,,"Centro de Salud Progreso",,Estrada,279,,,Progreso,369,45,5,1,,,-31.1381001,-60.9878019,,,"2017-02-11 00:04:03","2017-02-11 00:04:03",1,0,0,0,0,03497-488448,,,,,,,,,,,,,,,,,,,,,,,,,,,,1,,,,,,,,0,,,,,,,,0,0,369,Argentina,,"Santa Fe",0,
1311,0,,,,"Centro de Salud Hipatia",,"San MartÃ­n","sin nÃºmero",,,Hipatia,369,45,5,1,,,-31.1333294,-61.0333,,,"2017-02-11 00:04:03","2017-02-11 00:04:03",1,0,0,0,0,,,,,,,,,,,,,,,,,,,,,,,,,,,,,1,,,,,,,,0,,,,,,,,0,0,369,Argentina,,"Santa Fe",0,
1312,0,,,,"S.A.M.Co. Santo Domingo",,"9 De julio",479,,,"Santo Domingo",369,45,5,1,,,-31.1189069,-60.8872007,,,"2017-02-11 00:04:03","2017-02-11 00:04:03",1,0,0,0,0,"03497/498065 centrex 1241",,,,,,,,,,,,,,,,,,,,,,,,,,,,1,,,,,,,,0,,,,,,,,0,0,369,Argentina,,"Santa Fe",0,
1313,0,,,,"Centro de Salud Lehmann",,GÃ¼emes,,"Alma Fuerte","Alma Fuerte",Lehmann,369,45,5,1,,,-31.1166706,-61.5166702,,,"2017-02-11 00:04:03","2017-02-11 00:04:03",1,0,0,0,0,03492-480400-407400,,,,,,,,,,,,,,,,,,,,,,,,,,,,1,,,,,,,,0,,,,,,,,0,0,369,Argentina,,"Santa Fe",0,
1314,0,,,,"Centro de Salud Cayastacito",,"Zona Urbana",,,,Cayastacito,369,45,5,1,,,-31.1122454,-60.5803899,,,"2017-02-11 00:04:03","2017-02-11 00:04:03",1,0,0,0,0,"03497-486071 Centrex8651",,,,,,,,,,,,,,,,,,,,,,,,,,,,1,,,,,,,,0,,,,,,,,0,0,369,Argentina,,"Santa Fe",0,
1315,0,,,,"Centro de Salud Santa Teresita",,"Buenos Aires",,"Conquista Del Desierto","Conquista Del Desierto",Helvecia,369,45,5,1,,,-31.1021163,-60.0873538,,,"2017-02-11 00:04:03","2017-02-11 00:04:03",1,0,0,0,0,,,,,,,,,,,,,,,,,,,,,,,,,,,,,1,,,,,,,,0,,,,,,,,0,0,369,Argentina,,"Santa Fe",0,
1316,0,,,,"Centro de Salud Barrio Malabrigo",,"Los Andes",,"San MartÃ­n","San MartÃ­n",Helvecia,369,45,5,1,,,-31.1021163,-60.0873538,,,"2017-02-11 00:04:03","2017-02-11 00:04:03",1,0,0,0,0,03405/470164,centrex:6220,,,,,,,,,,,,,,,,,,,,,,,,,,,,1,,,,,,,,0,,,,,,,,0,0,369,Argentina,,"Santa Fe",0,
1317,0,,,,"Centro de Salud Colonia Norte",,"Zona Rural",,,,Helvecia,369,45,5,1,,,-31.1021163,-60.0873538,,,"2017-02-11 00:04:03","2017-02-11 00:04:03",1,0,0,0,0,03405-470160,,,,,,,,,,,,,,,,,,,,,,,,,,,,1,,,,,,,,0,,,,,,,,0,0,369,Argentina,,"Santa Fe",0,
1318,0,,,,"S.A.M.Co. Helvecia",,"Velez Sarfield",830,,,Helvecia,369,45,5,1,,,-31.1000511,-60.0914251,,,"2017-02-11 00:04:03","2017-02-11 00:04:03",1,0,0,0,0,"03405 470164 - 292 - 018",,,,,,,,,,,,,,,,,,,,,,,,,,,,1,,,,,,,,0,,,,,,,,0,0,369,Argentina,,"Santa Fe",0,
1319,0,,,,"Centro de Salud Saladero Cabal",,"Zona Urbana",,,,"Saladero Mariano Cabal",369,45,5,1,,,-31.1000004,-60..75,,,"2017-02-11 00:04:03","2017-02-11 00:04:03",1,0,0,0,0,03405-497706,,,,,,,,,,,,,,,,,,,,,,,,,,,,1,,,,,,,,0,,,,,,,,0,0,369,Argentina,,"Santa Fe",0,
1320,0,,,,"Centro de Salud Ramona",,Moreno,16,,,Ramona,369,45,5,1,,,-31.0922813,-61.9000778,,,"2017-02-11 00:04:03","2017-02-11 00:04:03",1,0,0,0,0,03492/496442(com.),,,,,,,,,,,,,,,,,,,,,,,,,,,,1,,,,,,,,0,,,,,,,,0,0,369,Argentina,,"Santa Fe",0,
1321,0,,,,"Centro de Salud Emilia",,"H. Irigoyen",192,,,Emilia,369,45,5,1,,,-31.0566069,-60.745,,,"2017-02-11 00:04:03","2017-02-11 00:04:03",1,0,0,0,0,"03497-493033 ctx 1296",,,,,,,,,,,,,,,,,,,,,,,,,,,,1,,,,,,,,0,,,,,,,,0,0,369,Argentina,,"Santa Fe",0,
1322,0,,,,"Centro de Salud Maria Luisa",,"Malvinas Argentina","sin nÃºmero",,,"Maria Luisa",369,45,5,1,,,-31.0107212,-60.9114,,,"2017-02-11 00:04:03","2017-02-11 00:04:03",1,0,0,0,0,03497/496123,,,,,,,,,,,,,,,,,,,,,,,,,,,,1,,,,,,,,0,,,,,,,,0,0,369,Argentina,,"Santa Fe",0,
1323,0,,,,"Centro de Salud Ataliva",,Dorrego,3100,,,Ataliva,369,45,5,1,,,-30.9980053,-61.4349897,,,"2017-02-11 00:04:03","2017-02-11 00:04:03",1,0,0,0,0,03493/491057,,,,,,,,,,,,,,,,,,,,,,,,,,,,1,,,,,,,,0,,,,,,,,0,0,369,Argentina,,"Santa Fe",0,
1325,0,,,,"Centro de Salud Colonia Aldao",,"Mariano Moreno",280,,,Aldao,369,45,5,1,,,-30.983333,-61..75,,,"2017-02-11 00:04:03","2017-02-11 00:04:03",1,0,0,0,0,03493-497325,,,,,,,,,,,,,,,,,,,,,,,,,,,,1,,,,,,,,0,,,,,,,,0,0,369,Argentina,,"Santa Fe",0,
1326,0,,,,"Centro de Salud Nare",,"Zona Urbana",,,,Nare,369,45,5,1,,,-30.9493422,-60.4672,,,"2017-02-11 00:04:03","2017-02-11 00:04:03",1,0,0,0,0,03498-494012,,,,,,,,,,,,,,,,,,,,,,,,,,,,1,,,,,,,,0,,,,,,,,0,0,369,Argentina,,"Santa Fe",0,
1327,0,,,,"Centro de Salud N 2 Ena Richiger- BÂº 9 De Julio",,Rotania,1336,,,Sunchales,369,45,5,1,,,-30.9467,-61.550892,,,"2017-02-11 00:04:03","2017-02-11 00:04:03",1,0,0,0,0,03493-426732,,,,,,,,,,,,,,,,,,,,,,,,,,,,1,,,,,,,,0,,,,,,,,0,0,369,Argentina,,"Santa Fe",0,
1328,0,,,,"Centro de Salud Videla",,"San MartÃ­n",437,,,Videla,369,45,5,1,,,-30.9454506,-60.6531794,,,"2017-02-11 00:04:03","2017-02-11 00:04:03",1,0,0,0,0,03498/490289,,,,,,,,,,,,,,,,,,,,,,,,,,,,1,,,,,,,,0,,,,,,,,0,0,369,Argentina,,"Santa Fe",0,
1329,0,,,,"S.A.M.Co. Dr Amilcar Gorosito",,"Av. Belgrano",332,,,Sunchales,369,45,5,1,,,-30.9419827,-61.5615444,,,"2017-02-11 00:04:03","2017-02-11 00:04:03",1,0,0,0,0,03493/420173-099Centre1271,,,,,,,,,,,,,,,,,,,,,,,,,,,,1,,,,,,,,0,,,,,,,,0,0,369,Argentina,,"Santa Fe",0,
1330,0,,,,"S.A.M.Co. Humberto Primo",,"San MartÃ­n",844,,,"Humberto Primo",369,45,5,1,,,-30.8659402,-61.3619,,,"2017-02-11 00:04:03","2017-02-11 00:04:03",1,0,0,0,0,03493/480150," centrex:1276",,,,,,,,,,,,,,,,,,,,,,,,,,,,1,,,,,,,,0,,,,,,,,0,0,369,Argentina,,"Santa Fe",0,
1331,0,,,,"Centro de Salud Colonia Bicha",,"Corrientes Âº","sin nÃºmero",,,"Colonia Bicha",369,45,5,1,,,-30.851021,-61.847889,,,"2017-02-11 00:04:03","2017-02-11 00:04:03",1,0,0,0,0,03493-492710,,,,,,,,,,,,,,,,,,,,,,,,,,,,1,,,,,,,,0,,,,,,,,0,0,369,Argentina,,"Santa Fe",0,
1332,0,,,,"Centro de Salud Dr Carlos Franzini",,"Av. 25 De Mayo",603,,,Tacural,369,45,5,1,,,-30.8442035,-61.5912728,,,"2017-02-11 00:04:03","2017-02-11 00:04:03",1,0,0,0,0,03493-492452,,,,,,,,,,,,,,,,,,,,,,,,,,,,1,,,,,,,,0,,,,,,,,0,0,369,Argentina,,"Santa Fe",0,
1333,0,,,,"Centro de Salud Raquel",,"Rene Favaloro","sin nÃºmero",,,"Colonia Raquel",369,45,5,1,,,-30.8333302,-61.4833,,,"2017-02-11 00:04:03","2017-02-11 00:04:03",1,0,0,0,0,03493-496002,,,,,,,,,,,,,,,,,,,,,,,,,,,,1,,,,,,,,0,,,,,,,,0,0,369,Argentina,,"Santa Fe",0,
1334,0,,,,"Centro de Salud 24 De Setiembre",,"Bv. Pellegrini",,Reconquista,Reconquista,"San Justo",369,45,5,1,,,-30.8003694,-60.588,,,"2017-02-11 00:04:03","2017-02-11 00:04:03",1,0,0,0,0,,,,,,,,,,,,,,,,,,,,,,,,,,,,,1,,,,,,,,0,,,,,,,,0,0,369,Argentina,,"Santa Fe",0,
1335,0,,,,"S.A.M.Co. Dr Eladio Antonucci",,"Ruta 1",123,,,"Colonia Mascias",369,45,5,1,,,-30.7999992,-60.0166702,,,"2017-02-11 00:04:03","2017-02-11 00:04:03",1,0,0,0,0,"03405/424525- centrex 6214",,,,,,,,,,,,,,,,,,,,,,,,,,,,1,,,,,,,,0,,,,,,,,0,0,369,Argentina,,"Santa Fe",0,
1336,0,,,,"S.A.M.Co. San Justo",,Italia,2865,,,"San Justo",369,45,5,1,,,-30.7914731,-60.5986609,,,"2017-02-11 00:04:03","2017-02-11 00:04:03",1,0,0,0,0,03498/427377-426466-425534-5-6,,,,,,,,,,,,,,,,,,,,,,,,,,,,1,,,,,,,,0,,,,,,,,0,0,369,Argentina,,"Santa Fe",0,
1337,0,,,,"Centro de Salud Barrio Fatima - San Justo",,Independencia,,"Calle 72","Calle 72","San Justo",369,45,5,1,,,-30.7901729,-60.5912296,,,"2017-02-11 00:04:03","2017-02-11 00:04:03",1,0,0,0,0,03400-15515707,,,,,,,,,,,,,,,,,,,,,,,,,,,,1,,,,,,,,0,,,,,,,,0,0,369,Argentina,,"Santa Fe",0,
1338,0,,,,"Centro de Salud Barrio Reyes",,"9 De julio",2518,,,"San Justo",369,45,5,1,,,-30.7886154,-60.5927,,,"2017-02-11 00:04:03","2017-02-11 00:04:03",1,0,0,0,0,03498-15460745,,,,,,,,,,,,,,,,,,,,,,,,,,,,1,,,,,,,,0,,,,,,,,0,0,369,Argentina,,"Santa Fe",0,
1339,0,,,,"Centro de Salud San Jose Obrero - San Justo",,"San Roque",2351,,,"San Justo",369,45,5,1,,,-30.7833365,-60.5888419,,,"2017-02-11 00:04:03","2017-02-11 00:04:03",1,0,0,0,0,03498-15460745,,,,,,,,,,,,,,,,,,,,,,,,,,,,1,,,,,,,,0,,,,,,,,0,0,369,Argentina,,"Santa Fe",0,
1342,0,,,,"S.A.M.Co. Baron Hirsch",,"Zona Urbana",,,,"Moises Ville",369,45,5,1,,,-30.7177696,-61.4822388,,,"2017-02-11 00:04:03","2017-02-11 00:04:03",1,0,0,0,0,"03409/420011- Centrex 6245",,,,,,,,,,,,,,,,,,,,,,,,,,,,1,,,,,,,,0,,,,,,,,0,0,369,Argentina,,"Santa Fe",0,
1343,0,,,,"Centro de Salud Colonia San Joaquin",,"Ruta NÂ° 1","Km 130",,,"Colonia San Joaquin",369,45,5,1,,,-30.7166691,-59.9833298,,,"2017-02-11 00:04:03","2017-02-11 00:04:03",1,0,0,0,0,"03405/424525Samco Masias",,,,,,,,,,,,,,,,,,,,,,,,,,,,1,,,,,,,,0,,,,,,,,0,0,369,Argentina,,"Santa Fe",0,
1344,0,,,,"Centro de Salud Dr Orlando Alassia",,"Av. Centenario","sin nÃºmero",,,Elisa,369,45,5,1,,,-30.6964965,-61.0476645,,,"2017-02-11 00:04:03","2017-02-11 00:04:03",1,0,0,0,0,03498-499430,,,,,,,,,,,,,,,,,,,,,,,,,,,,1,,,,,,,,0,,,,,,,,0,0,369,Argentina,,"Santa Fe",0,
1346,0,,,,"Centro de Salud Ramayon",,"Bv. Estanislao LÃ³pez Âº","sin nÃºmero",,,Ramayon,369,45,5,1,,,-30.6732983,-60.5025125,,,"2017-02-11 00:04:03","2017-02-11 00:04:03",1,0,0,0,0,"03498-497084-centex 2030",,,,,,,,,,,,,,,,,,,,,,,,,,,,1,,,,,,,,0,,,,,,,,0,0,369,Argentina,,"Santa Fe",0,
1347,0,,,,"Centro de Salud Colonia Bossi",,"Zona Urbana",,,,"Colonia Bossi",369,45,5,1,,,-30.6688976,-61.7868,,,"2017-02-11 00:04:03","2017-02-11 00:04:03",1,0,0,0,0,"03409-420480- Comuna",,,,,,,,,,,,,,,,,,,,,,,,,,,,1,,,,,,,,0,,,,,,,,0,0,369,Argentina,,"Santa Fe",0,
1348,0,,,,"Centro de Salud Soledad",,"Bv.Eva PerÃ³n","sin nÃºmero",,,Soledad,369,45,5,1,,,-30.6216,-60.9109497,,,"2017-02-11 00:04:03","2017-02-11 00:04:03",1,0,0,0,0,"(03498) 498104",,,,,,,,,,,,,,,,,,,,,,,,,,,,1,,,,,,,,0,,,,,,,,0,0,369,Argentina,,"Santa Fe",0,
1349,0,,,,"S.A.M.Co. San Javier",,"Av T MadrejÃ³n",1320,,,"San Javier",369,45,5,1,,,-30.5835811,-59.9338802,,,"2017-02-11 00:04:03","2017-02-11 00:04:03",1,0,0,0,0,03405/424247-424104centrex6203,,,,,,,,,,,,,,,,,,,,,,,,,,,,1,,,,,,,,0,,,,,,,,0,0,369,Argentina,,"Santa Fe",0,
1350,0,,,,"Centro de Salud Marcelino Escalada",,"Romeo Rizzatti",410,,,"Marcelino Escalada",369,45,5,1,,,-30.5801761,-60.4688457,,,"2017-02-11 00:04:03","2017-02-11 00:04:03",1,0,0,0,0,03498/493000," centrex: 2031",,,,,,,,,,,,,,,,,,,,,,,,,,,,1,,,,,,,,0,,,,,,,,0,0,369,Argentina,,"Santa Fe",0,
1351,0,,,,"Centro de Salud Pueblo Mocovi",,"Colonia Francesa (zona Rural)",,,,"San Javier",369,45,5,1,,,-30.5795582,-59.9303,,,"2017-02-11 00:04:03","2017-02-11 00:04:03",1,0,0,0,0,,,,,,,,,,,,,,,,,,,,,,,,,,,,,1,,,,,,,,0,,,,,,,,0,0,369,Argentina,,"Santa Fe",0,
1352,0,,,,"CIC San Javier - Fonavi",,"General LÃ³pez",,"J J Camera","J J Camera","San Javier",369,45,5,1,,,-30.5795582,-59.9303,,,"2017-02-11 00:04:03","2017-02-11 00:04:03",1,0,0,0,0,03405-424611,,,,,,,,,,,,,,,,,,,,,,,,,,,,1,,,,,,,,0,,,,,,,,0,0,369,Argentina,,"Santa Fe",0,
1353,0,,,,"Centro de Salud Colonia La Criolla",,"BÂº Colonia La Criolla",,,,"San Javier",369,45,5,1,,,-30.5795582,-59.9303,,,"2017-02-11 00:04:03","2017-02-11 00:04:03",1,0,0,0,0,03405-15480282,,,,,,,,,,,,,,,,,,,,,,,,,,,,1,,,,,,,,0,,,,,,,,0,0,369,Argentina,,"Santa Fe",0,
1354,0,,,,"S.A.M.Co. Suardi",,"Dr. Fernandez",365,,,Suardi,369,45,5,1,,,-30.5373078,-61.9586135,,,"2017-02-11 00:04:03","2017-02-11 00:04:03",1,0,0,0,0,03562/477379,,,,,,,,,,,,,,,,,,,,,,,,,,,,1,,,,,,,,0,,,,,,,,0,0,369,Argentina,,"Santa Fe",0,
1355,0,,,,"Centro de Salud Colonia Dolores",,"Zona Rural",,,,"Colonia Dolores",369,45,5,1,,,-30.3833294,-60.3166618,,,"2017-02-11 00:04:03","2017-02-11 00:04:03",1,0,0,0,0,,,,,,,,,,,,,,,,,,,,,,,,,,,,,1,,,,,,,,0,,,,,,,,0,0,369,Argentina,,"Santa Fe",0,
1357,0,,,,"Centro de Salud Ã‘anducita",,"Zona Urbana",,,,Ã‘Anducita,369,45,5,1,,,-30.3666706,-61.15,,,"2017-02-11 00:04:03","2017-02-11 00:04:03",1,0,0,0,0,,,,,,,,,,,,,,,,,,,,,,,,,,,,,1,,,,,,,,0,,,,,,,,0,0,369,Argentina,,"Santa Fe",0,
1358,0,,,,"S.A.M.Co. Gobernador Crespo",,"Combate De San Lorenzo",453,,,"Gobernador Crespo",369,45,5,1,,,-30.362401,-60.3996,,,"2017-02-11 00:04:03","2017-02-11 00:04:03",1,0,0,0,0,03498/480025," centrex: 2028",,,,,,,,,,,,,,,,,,,,,,,,,,,,1,,,,,,,,0,,,,,,,,0,0,369,Argentina,,"Santa Fe",0,
1359,0,,,,"S.A.M.Co. San Guillermo",,Independencia,50,,,"San Guillermo",369,45,5,1,,,-30.3544466,-61.9157248,,,"2017-02-11 00:04:03","2017-02-11 00:04:03",1,0,0,0,0,03562/466146,,,,,,,,,,,,,,,,,,,,,,,,,,,,1,,,,,,,,0,,,,,,,,0,0,369,Argentina,,"Santa Fe",0,
1360,0,,,,"Centro de Salud San Martin Norte",,"San MartÃ­n Norte","sin nÃºmero",,,"San Justo",369,45,5,1,,,-30.3500004,-60.3,,,"2017-02-11 00:04:03","2017-02-11 00:04:03",1,0,0,0,0,"03498-154744473 (medica)",,,sÃ­,"03498-154744473 (medica)",,,,,,,,,,,,,,,,,,,,,,,,1,,,,,,,,0,,,,,,,,0,0,369,Argentina,,"Santa Fe",0,
1362,0,,,,"S.A.M.Co. San Cristobal",,Cochabamba,1456,,,"San CristÃ³bal",369,45,5,1,,,-30.3082374,-61.2289254,,,"2017-02-11 00:04:03","2017-02-11 00:04:03",1,0,0,0,0,"03408/422033 - Centrex 8097",,,,,,,,,,,,,,,,,,,,,,,,,,,,1,,,,,,,,0,,,,,,,,0,0,369,Argentina,,"Santa Fe",0,
1363,0,,,,"Centro de Salud Barrio Pellegrini",,"Bv. Rivadavia",1850,,,"San CristÃ³bal",369,45,5,1,,,-30.3009117,-61.2439062,,,"2017-02-11 00:04:03","2017-02-11 00:04:03",1,0,0,0,0,,,,,,,,,,,,,,,,,,,,,,,,,,,,,1,,,,,,,,0,,,,,,,,0,0,369,Argentina,,"Santa Fe",0,
1364,0,,,,"Centro de Salud Colonia Rosa",,"Juan Geordano",,Centenario,Centenario,"Colonia Rosa",369,45,5,1,,,-30.3,-61.9833298,,,"2017-02-11 00:04:03","2017-02-11 00:04:03",1,0,0,0,0,03562/465066,,,,,,,,,,,,,,,,,,,,,,,,,,,,1,,,,,,,,0,,,,,,,,0,0,369,Argentina,,"Santa Fe",0,
1365,0,,,,"Centro de Salud Barrio Juan Xxiii",,"26 De mayo",,"Estanislao LÃ³pez","Estanislao LÃ³pez","San CristÃ³bal",369,45,5,1,,,-30.2998235,-61.5136037,,,"2017-02-11 00:04:03","2017-02-11 00:04:03",1,0,0,0,0,,,,,,,,,,,,,,,,,,,,,,,,,,,,,1,,,,,,,,0,,,,,,,,0,0,369,Argentina,,"Santa Fe",0,
1366,0,,,,"Centro de Salud Jose Dho",,Chacabuco,1970,,,"San CristÃ³bal",369,45,5,1,,,-30.2998235,-61.5136037,,,"2017-02-11 00:04:03","2017-02-11 00:04:03",1,0,0,0,0,,,,,,,,,,,,,,,,,,,,,,,,,,,,,1,,,,,,,,0,,,,,,,,0,0,369,Argentina,,"Santa Fe",0,
1369,0,,,,"S.A.M.Co. Arrufo",,"Dr. Iglesias",323,,,Arrufo,369,45,5,1,,,-30.2310831,-61.7293,,,"2017-02-11 00:04:03","2017-02-11 00:04:03",1,0,0,0,0,03491/493321,,,,,,,,,,,,,,,,,,,,,,,,,,,,1,,,,,,,,0,,,,,,,,0,0,369,Argentina,,"Santa Fe",0,
1370,0,,,,"Centro de Salud La Criolla",,"Misiones Âº","sin nÃºmero",,,"La Criolla",369,45,5,1,,,-30.2273331,-60.3604965,,,"2017-02-11 00:04:03","2017-02-11 00:04:03",1,0,0,0,0,03498/49483(comuna),,,,,,,,,,,,,,,,,,,,,,,,,,,,1,,,,,,,,0,,,,,,,,0,0,369,Argentina,,"Santa Fe",0,
1371,0,,,,"S.A.M.Co. Villa Trinidad",,Falucho,572,,,"Villa Trinidad",369,45,5,1,,,-30.2152713,-61.8779858,,,"2017-02-11 00:04:03","2017-02-11 00:04:03",1,0,0,0,0,"03491/491058- Centrex 6490",,,,,,,,,,,,,,,,,,,,,,,,,,,,1,,,,,,,,0,,,,,,,,0,0,369,Argentina,,"Santa Fe",0,
1372,0,,,,"Centro de Salud Santurce",,"Zona Urbana",,,,Santurce,369,45,5,1,,,-30.1858616,-61.1853485,,,"2017-02-11 00:04:03","2017-02-11 00:04:03",1,0,0,0,0,"03408-427100 (comuna)",,,,,,,,,,,,,,,,,,,,,,,,,,,,1,,,,,,,,0,,,,,,,,0,0,369,Argentina,,"Santa Fe",0,
1373,0,,,,"S.A.M.Co. Vera Y Pintado",,"Zona Urbana Vera",,,Pintado,"San Justo",369,45,5,1,,,-30.1430206,-60.3387833,,,"2017-02-11 00:04:03","2017-02-11 00:04:03",1,0,0,0,0,03498/496037,,,sÃ­,03498/496037,,,,,,,,,,,,,,,,,,,,,,,,1,,,,,,,,0,,,,,,,,0,0,369,Argentina,,"Santa Fe",0,
1375,0,,,,"Centro de Salud Pedro Gomez Cello",,"Zona Urbana",,,,"Pedro Gomez Cello",369,45,5,1,,,-30.0371361,-60.3162,,,"2017-02-11 00:04:03","2017-02-11 00:04:03",1,0,0,0,0,03498-491015,,,,,,,,,,,,,,,,,,,,,,,,,,,,1,,,,,,,,0,,,,,,,,0,0,369,Argentina,,"Santa Fe",0,
1376,0,,,,"S.A.M.Co. Ambrosetti",,"Doctor Oscar Ramirez",292,,,Ambrosetti,369,45,5,1,,,-30.0166702,-61.5833282,,,"2017-02-11 00:04:03","2017-02-11 00:04:03",1,0,0,0,0,03491/492019," centrex 6494",,,,,,,,,,,,,,,,,,,,,,,,,,,,1,,,,,,,,0,,,,,,,,0,0,369,Argentina,,"Santa Fe",0,
1377,0,,,,"S.A.M.Co. Huanqueros",,"Santa Fe",,"San Lorenzo","San Lorenzo",Huanqueros,369,45,5,1,,,-30.0126,-61.2189255,,,"2017-02-11 00:04:03","2017-02-11 00:04:03",1,0,0,0,0,03408-425711,,,,,,,,,,,,,,,,,,,,,,,,,,,,1,,,,,,,,0,,,,,,,,0,0,369,Argentina,,"Santa Fe",0,
1378,0,,,,"S.A.M.Co. Hersilia",,Dorrego,124,,,Hersilia,369,45,5,1,,,-30.0002659,-61.8390965,,,"2017-02-11 00:04:03","2017-02-11 00:04:03",1,0,0,0,0,03491/494120,,,,,,,,,,,,,,,,,,,,,,,,,,,,1,,,,,,,,0,,,,,,,,0,0,369,Argentina,,"Santa Fe",0,
1379,0,,,,"S.A.M.Co. Alejandra",,"9 De julio",1260,,,Alejandra,369,45,5,1,,,-29.9098778,-59.8286591,,,"2017-02-11 00:04:03","2017-02-11 00:04:03",1,0,0,0,0,03405/492063,"centrex: 6223",,,,,,,,,,,,,,,,,,,,,,,,,,,,1,,,,,,,,0,,,,,,,,0,0,369,Argentina,,"Santa Fe",0,
1381,0,,,,"CIC Calchaqui",,"A. P. Justo",,Salta,Salta,Calchaqui,369,45,5,1,,,-29.8884523,-60.2840357,,,"2017-02-11 00:04:03","2017-02-11 00:04:03",1,0,0,0,0,03483-15431523,,,,,,,,,,,,,,,,,,,,,,,,,,,,1,,,,,,,,0,,,,,,,,0,0,369,Argentina,,"Santa Fe",0,
1382,0,,,,"S.A.M.Co. Ricardo Aldao",,"Bv. Estanislao LÃ³pez",951,,,Calchaqui,369,45,5,1,,,-29.8884523,-60.2840357,,,"2017-02-11 00:04:03","2017-02-11 00:04:03",1,0,0,0,0,03483/470204," ctx: 6469",,,,,,,,,,,,,,,,,,,,,,,,,,,,1,,,,,,,,0,,,,,,,,0,0,369,Argentina,,"Santa Fe",0,
1383,0,,,,"S.A.M.Co. Ceres",,"Av. Bernardo De Irigoyen",,Alem,Alem,Ceres,369,45,5,1,,,-29.8817186,-61.9460573,,,"2017-02-11 00:04:03","2017-02-11 00:04:03",1,0,0,0,0,"03491/420039/260 Centre6474",,,,,,,,,,,,,,,,,,,,,,,,,,,,1,,,,,,,,0,,,,,,,,0,0,369,Argentina,,"Santa Fe",0,
1388,0,,,,"Centro de Salud Margarita",,"M Moreno",,"San MartÃ­n","San MartÃ­n",Margarita,369,45,5,1,,,-29.6883639,-60.2516349,,,"2017-02-11 00:04:03","2017-02-11 00:04:03",1,0,0,0,0,03483-498422,,,,,,,,,,,,,,,,,,,,,,,,,,,,1,,,,,,,,0,,,,,,,,0,0,369,Argentina,,"Santa Fe",0,
1391,0,,,,"S.A.M.Co. La Gallareta",,Alberdi,"sin nÃºmero",,,"La Gallareta",369,45,5,1,,,-29.5832939,-60.378334,,,"2017-02-11 00:04:03","2017-02-11 00:04:03",1,0,0,0,0,"03483-496127 ctx 5053",,,,,,,,,,,,,,,,,,,,,,,,,,,,1,,,,,,,,0,,,,,,,,0,0,369,Argentina,,"Santa Fe",0,
1396,0,,,,"S.A.M.Co. LogroÃ±o",,"Buenos Aires","sin nÃºmero",,,LogroÃ±o,369,45,5,1,,,-29.5037804,-61.6964684,,,"2017-02-11 00:04:03","2017-02-11 00:04:03",1,0,0,0,0,03491/490050," centrex:6487",,,,,,,,,,,,,,,,,,,,,,,,,,,,1,,,,,,,,0,,,,,,,,0,0,369,Argentina,,"Santa Fe",0,
1398,0,,,,"CIC BÂº Lujan-romang",,"Islas Malvinas",2084,,,Romang,369,45,5,1,,,-29.5014005,-59.7548606,,,"2017-02-11 00:04:03","2017-02-11 00:04:03",1,0,0,0,0,03482-15406680,,,,,,,,,,,,,,,,,,,,,,,,,,,,1,,,,,,,,0,,,,,,,,0,0,369,Argentina,,"Santa Fe",0,
1399,0,,,,"Centro de Salud Barrio Obrero",,"Calle 6",1680,,,Romang,369,45,5,1,,,-29.4992197,-59.7522649,,,"2017-02-11 00:04:03","2017-02-11 00:04:03",1,0,0,0,0,3482-496009,,,,,,,,,,,,,,,,,,,,,,,,,,,,1,,,,,,,,0,,,,,,,,0,0,369,Argentina,,"Santa Fe",0,
1401,0,,,,"Centro de Salud San Martin De Porres",,"La Rioja",2455,,,Vera,369,45,5,1,,,-29.4707253,-60.2222,,,"2017-02-11 00:04:03","2017-02-11 00:04:03",1,0,0,0,0,,,,,,,,,,,,,,,,,,,,,,,,,,,,,1,,,,,,,,0,,,,,,,,0,0,369,Argentina,,"Santa Fe",0,
1403,0,,,,"Centro de Salud Santa Rosa De Lima",,"Juana Azurduy",3490,,,Vera,369,45,5,1,,,-29.4593067,-60.2149,,,"2017-02-11 00:04:03","2017-02-11 00:04:03",1,0,0,0,0,,,,,,,,,,,,,,,,,,,,,,,,,,,,,1,,,,,,,,0,,,,,,,,0,0,369,Argentina,,"Santa Fe",0,
1416,0,,,,"S.A.M.Co. Malabrigo",,"2 De julio",864,,,Malabrigo,369,45,5,1,,,-29.3414301,-59.9674765,,,"2017-02-11 00:04:03","2017-02-11 00:04:03",1,0,0,0,0,03482/454001," centrex: 6440",,,,,,,,,,,,,,,,,,,,,,,,,,,,1,,,,,,,,0,,,,,,,,0,0,369,Argentina,,"Santa Fe",0,
1421,0,,,,"Centro de Salud Barros Pazos",,"Zona Rural",,,,Berna,369,45,5,1,,,-29.2748032,-59.8460159,,,"2017-02-11 00:04:03","2017-02-11 00:04:03",1,0,0,0,0,03482-15614256,,,,,,,,,,,,,,,,,,,,,,,,,,,,1,,,,,,,,0,,,,,,,,0,0,369,Argentina,,"Santa Fe",0,
1423,0,,,,"Centro de Salud Paraje 17",,"Paraje Km",17,,,Toba,369,45,5,1,,,-29.2654675,-60.1723,,,"2017-02-11 00:04:03","2017-02-11 00:04:03",1,0,0,0,0,,,,,,,,,,,,,,,,,,,,,,,,,,,,,1,,,,,,,,0,,,,,,,,0,0,369,Argentina,,"Santa Fe",0,
1424,0,,,,"Centro de Salud Toba",,"Zona Urbana",,,,Toba,369,45,5,1,,,-29.2654675,-60.1723,,,"2017-02-11 00:04:03","2017-02-11 00:04:03",1,0,0,0,0,,,,,,,,,,,,,,,,,,,,,,,,,,,,,1,,,,,,,,0,,,,,,,,0,0,369,Argentina,,"Santa Fe",0,
1426,0,,,,"S.A.M.Co. Tostado Dr Alfredo Luis Rosetani",,"San MartÃ­n",1350,,,Tostado,369,45,5,1,,,-29.229162,-61.7717196,,,"2017-02-11 00:04:03","2017-02-11 00:04:03",1,0,0,0,0,03491/470373,,,,,,,,,,,,,,,,,,,,,,,,,,,,1,,,,,,,,0,,,,,,,,0,0,369,Argentina,,"Santa Fe",0,
1427,0,,,,"Centro de Salud General Guemes",,Querandies,,Peru,Peru,Tostado,369,45,5,1,,,-29.229162,-61.7717196,,,"2017-02-11 00:04:03","2017-02-11 00:04:03",1,0,0,0,0,,,,,,,,,,,,,,,,,,,,,,,,,,,,,1,,,,,,,,0,,,,,,,,0,0,369,Argentina,,"Santa Fe",0,
1428,0,,,,"Centro de Salud Barrio Itati - Reconquista",,"Ruta 41",,"Calle 69","Calle 69",Reconquista,369,45,5,1,,,-29.1857479,-59.6811507,,,"2017-02-11 00:04:03","2017-02-11 00:04:03",1,0,0,0,0,03482-15678546,,,,,,,,,,,,,,,,,,,,,,,,,,,,1,,,,,,,,0,,,,,,,,0,0,369,Argentina,,"Santa Fe",0,
1430,0,,,,"Centro Asistencial Nueva Fe",,"Barrio Nueva Fe",,,,Reconquista,369,45,5,1,,,-29.1754736,-59.6580436,,,"2017-02-11 00:04:03","2017-02-11 00:04:03",1,0,0,0,0,,,,,,,,,,,,,,,,,,,,,,,,,,,,,1,,,,,,,,0,,,,,,,,0,0,369,Argentina,,"Santa Fe",0,
1432,0,,,,"Centro de Salud Barrio Chapero",,Roca,2023,,,Reconquista,369,45,5,1,,,-29.1583437,-59.6455882,,,"2017-02-11 00:04:03","2017-02-11 00:04:03",1,0,0,0,0,03482-438450,,,,,,,,,,,,,,,,,,,,,,,,,,,,1,,,,,,,,0,,,,,,,,0,0,369,Argentina,,"Santa Fe",0,
1433,0,,,,"Centro de Salud Julia Capozzolo Barrio Carmen Luis",,"Barrio Del Carmen Calle 12 Y",83,,,Reconquista,369,45,5,1,,,-29.1573611,-59.6435984,,,"2017-02-11 00:04:03","2017-02-11 00:04:03",1,0,0,0,0,"(03482) 15614243",,,,,,,,,,,,,,,,,,,,,,,,,,,,1,,,,,,,,0,,,,,,,,0,0,369,Argentina,,"Santa Fe",0,
1435,0,,,,"Centro de Salud Nicanor Molina",,"N. F. Molinas 405 Km.",19,,,Reconquista,369,45,5,1,,,-29.1448193,-59.6435,,,"2017-02-11 00:04:03","2017-02-11 00:04:03",1,0,0,0,0,03482-420026,,,,,,,,,,,,,,,,,,,,,,,,,,,,1,,,,,,,,0,,,,,,,,0,0,369,Argentina,,"Santa Fe",0,
1436,0,,,,"Centro de Salud Puerto Reconquista",,Puerto,,,,"Puerto Reconquista",369,45,5,1,,,-29.1448193,-59.6435,,,"2017-02-11 00:04:03","2017-02-11 00:04:03",1,0,0,0,0,,,,,,,,,,,,,,,,,,,,,,,,,,,,,1,,,,,,,,0,,,,,,,,0,0,369,Argentina,,"Santa Fe",0,
1437,0,,,,"Centro de Salud Barrio La Cortada",,Constituyente,,"Patricio Diez - Manzana A","Patricio Diez - Manzana A",Reconquista,369,45,5,1,,,-29.1448193,-59.6435,,,"2017-02-11 00:04:03","2017-02-11 00:04:03",1,0,0,0,0,"03482- 487168",,,,,,,,,,,,,,,,,,,,,,,,,,,,1,,,,,,,,0,,,,,,,,0,0,369,Argentina,,"Santa Fe",0,
1438,0,,,,"Centro de Salud Barrio Virgen De Guadalupe",,"Manzana 10 Barrio Guadalupe",,,,Reconquista,369,45,5,1,,,-29.1448193,-59.6435,,,"2017-02-11 00:04:03","2017-02-11 00:04:03",1,0,0,0,0,03482-15551426,,,,,,,,,,,,,,,,,,,,,,,,,,,,1,,,,,,,,0,,,,,,,,0,0,369,Argentina,,"Santa Fe",0,
1440,0,,,,"Centro de Salud Barrio Almafuerte",,Almafuerte,475,,,Reconquista,369,45,5,1,,,-29.1382087,-59.6412305,,,"2017-02-11 00:04:03","2017-02-11 00:04:03",1,0,0,0,0,03482/4614260,,,,,,,,,,,,,,,,,,,,,,,,,,,,1,,,,,,,,0,,,,,,,,0,0,369,Argentina,,"Santa Fe",0,
1441,0,,,,"CIC Barrio America",,"Calle Roca",,"Calle 63","Calle 63",Reconquista,369,45,5,1,,,-29.137503,-59.6439145,,,"2017-02-11 00:04:03","2017-02-11 00:04:03",1,0,0,0,0,03482-15614262,,,,,,,,,,,,,,,,,,,,,,,,,,,,1,,,,,,,,0,,,,,,,,0,0,369,Argentina,,"Santa Fe",0,
1442,0,,,,"Centro de Salud Parque Industrial",,"Calle 40",1126,"Pje 2325","Pje 2325",Reconquista,369,45,5,1,,,-29.1373004,-59.6439263,,,"2017-02-11 00:04:03","2017-02-11 00:04:03",1,0,0,0,0,,,,,,,,,,,,,,,,,,,,,,,,,,,,,1,,,,,,,,0,,,,,,,,0,0,369,Argentina,,"Santa Fe",0,
1443,0,,,,"Centro de Salud Barrio Norte - Gral Obligado",,Olessio,25,,,Reconquista,369,45,5,1,,,-29.1365678,-59.6487937,,,"2017-02-11 00:04:03","2017-02-11 00:04:03",1,0,0,0,0,,,,,,,,,,,,,,,,,,,,,,,,,,,,,1,,,,,,,,0,,,,,,,,0,0,369,Argentina,,"Santa Fe",0,
1446,0,,,,"Centro de Salud Barrio Belgrano- Avellaneda",,"Calle 126",115,,,Avellaneda,369,45,5,1,,,-29.1187646,-59.6667429,,,"2017-02-11 00:04:03","2017-02-11 00:04:03",1,0,0,0,0,03482-552033,,,,,,,,,,,,,,,,,,,,,,,,,,,,1,,,,,,,,0,,,,,,,,0,0,369,Argentina,,"Santa Fe",0,
1447,0,,,,"Centro de Salud Pedro Vicentin",,"Calle 307 Âº 1303 (esq. 328)",,,,Avellaneda,369,45,5,1,,,-29.1174521,-59.6586,,,"2017-02-11 00:04:03","2017-02-11 00:04:03",1,0,0,0,0,03482-483029,,,,,,,,,,,,,,,,,,,,,,,,,,,,1,,,,,,,,0,,,,,,,,0,0,369,Argentina,,"Santa Fe",0,
1448,0,,,,"Centro de Salud El Carmen",,"Zona Rural Ruta Prov 31",37,,,Avellaneda,369,45,5,1,,,-29.1174521,-59.6586,,,"2017-02-11 00:04:03","2017-02-11 00:04:03",1,0,0,0,0,03482-1564244,,,,,,,,,,,,,,,,,,,,,,,,,,,,1,,,,,,,,0,,,,,,,,0,0,369,Argentina,,"Santa Fe",0,
1449,0,,,,"Centro de Salud Avellaneda",,"Calle 16",340,,,Avellaneda,369,45,5,1,,,-29.1160458,-59.6558728,,,"2017-02-11 00:04:03","2017-02-11 00:04:03",1,0,0,0,0,03482/481952,,,,,,,,,,,,,,,,,,,,,,,,,,,,1,,,,,,,,0,,,,,,,,0,0,369,Argentina,,"Santa Fe",0,
1450,0,,,,"Centro de Salud Barrio La Loma",,"Calle 116",22,,,Reconquista,369,45,5,1,,,-29.1142479,-59.6514234,,,"2017-02-11 00:04:03","2017-02-11 00:04:03",1,0,0,0,0,03482-678502,,,,,,,,,,,,,,,,,,,,,,,,,,,,1,,,,,,,,0,,,,,,,,0,0,369,Argentina,,"Santa Fe",0,
1451,0,,,,"Centro de Salud Ceferino Vicentin",,"Calle 306",86,,,Avellaneda,369,45,5,1,,,-29.1087,-59.6625394,,,"2017-02-11 00:04:03","2017-02-11 00:04:03",1,0,0,0,0,,,,,,,,,,,,,,,,,,,,,,,,,,,,,1,,,,,,,,0,,,,,,,,0,0,369,Argentina,,"Santa Fe",0,
1452,0,,,,"S.A.M.Co. Fortin Olmos",,"Juan M. De Rosas","sin nÃºmero",,,"Fortin Olmos",369,45,5,1,,,-29.0525363,-60.4135275,,,"2017-02-11 00:04:03","2017-02-11 00:04:03",1,0,0,0,0,03483/492018-492050(Com.),,,,,,,,,,,,,,,,,,,,,,,,,,,,1,,,,,,,,0,,,,,,,,0,0,369,Argentina,,"Santa Fe",0,
1455,0,,,,"S.A.M.Co. Garabato",,"Zona Urbana",,,,Garabato,369,45,5,1,,,-28.9527878,-60.1384844,,,"2017-02-11 00:04:03","2017-02-11 00:04:03",1,0,0,0,0,"03482/493085 (Cab. PÃºb.)",,,,,,,,,,,,,,,,,,,,,,,,,,,,1,,,,,,,,0,,,,,,,,0,0,369,Argentina,,"Santa Fe",0,
1457,0,,,,"Centro de Salud Guadalupe Norte",,"Zona Urbana",,,,"Guadalupe Norte",369,45,5,1,,,-28.9447422,-59.5622,,,"2017-02-11 00:04:03","2017-02-11 00:04:03",1,0,0,0,0,03482-498052,,,,,,,,,,,,,,,,,,,,,,,,,,,,1,,,,,,,,0,,,,,,,,0,0,369,Argentina,,"Santa Fe",0,
1458,0,,,,"Centro de Salud Pozo Borrado",,"Bv. La Reconaquista","sin nÃºmero",,,"Pozo Borrado",369,45,5,1,,,-28.9370275,-61.708,,,"2017-02-11 00:04:03","2017-02-11 00:04:03",1,0,0,0,0,,,,,,,,,,,,,,,,,,,,,,,,,,,,,1,,,,,,,,0,,,,,,,,0,0,369,Argentina,,"Santa Fe",0,
708,0,,,,"Centro de Salud Aeroparque",,"Los Cedros",145,,,"San Ramon de la Nueva Oran",353,46,5,,,"Los Cedros 145"," San Ramon de la Nueva Oran"," Salta"," Argentina",-23.1410893,-64.3091957,,,"2017-02-10 23:28:43","2017-02-10 23:28:43",1,0,0,0,0,,,,,,,,,,,,,,,,,,,,,,,,,,,,,1,,,,,,,,0,,,,,,,,0,0,353,Argentina,,Salta,0,Orán
709,0,,,,"Centro de Salud Barrio San Jose",,"Perito Moreno","Sin nÃºmero","Eduardo Arias","Eduardo Arias","San Ramon de la Nueva Oran",353,46,5,,,"Perito Moreno"," San Ramon de la Nueva Oran"," Salta"," Argentina",-23.1493823,-64.3246758,,,"2017-02-10 23:28:43","2017-02-10 23:28:43",1,0,0,0,0,,,,,,,,,,,,,,,,,,,,,,,,,,,,,1,,,,,,,,0,,,,,,,,0,0,353,Argentina,,Salta,0,Orán
710,0,,,,"Centro de Salud San Francisco",,Sarmiento,1150,,,"San Ramon de la Nueva Oran",353,46,5,,,"Sarmiento 1150"," A4530GAX San Ramon de la Nueva Oran"," Salta"," Argentina",-23.1317454,-64.315014,,,"2017-02-10 23:28:43","2017-02-10 23:28:43",1,0,0,0,0,,,,,,,,,,,,,,,,,,,,,,,,,,,,,1,,,,,,,,0,,,,,,,,0,0,353,Argentina,,Salta,0,Orán
711,0,,,,"Centro de Salud  NÂº 2 ""Dr Roberto Cruz"" - Campo Caseros","Centro de Salud",Catamarca,200,,,Salta,354,46,5,,,"Catamarca & Zabala"," Salta"," Argentina",-24.8029633,-65.4065475,,,"2017-02-10 23:28:43","2017-02-10 23:28:43",1,0,0,0,0,,,,,,,,,,,,,,,,,,,,,,,,,,,,,1,,,,,,,,0,,,,,,,,0,0,354,Argentina,,Salta,0,Capital
712,0,,,,"Centro de Salud  NÂ° 24 San Lorenzo - Jose Vicente Sola","Centro de Salud",Balcarce,1899,,,Salta,354,46,5,,,"Balcarce 1899"," Salta"," Argentina",-24.7659641,-65.4100645,,,"2017-02-10 23:28:43","2017-02-10 23:28:43",1,0,0,0,0,,,,,,,,,,,,,,,,,,,,,,,,,,,,,1,,,,,,,,0,,,,,,,,0,0,354,Argentina,,Salta,0,Capital
713,0,,,,"Centro de Salud NÂ° 35 El Progreso","Centro de Salud","20 de Febrero",542,,,Salta,354,46,5,,,"20 de Febrero 542"," Salta"," Argentina",-24.7830883,-65.4130105,,,"2017-02-10 23:28:43","2017-02-10 23:28:43",1,0,0,0,0,,,,,,,,,,,,,,,,,,,,,,,,,,,,,1,,,,,,,,0,,,,,,,,0,0,354,Argentina,,Salta,0,Capital
714,0,,,,"Centro de Salud San Cayetano",,"Santos Vega",1160,,,Embarcacion,355,46,5,,,"Santos Vega 1160"," Embarcacion"," Salta"," Argentina",-23.201448,-64.0931447,,,"2017-02-10 23:28:43","2017-02-10 23:28:43",1,0,0,0,0,,,,,,,,,,,,,,,,,,,,,,,,,,,,,1,,,,,,,,0,,,,,,,,0,0,355,Argentina,,Salta,0,"General Jose de San Martín"
715,0,,,,"Centro de Salud Tolombon",,"JosÃ© Evaristo Uriburu",136,,,Salta,354,46,5,,,Salta," Argentina",-24.7821269,-65.4231976,,,"2017-02-10 23:28:43","2017-02-10 23:28:43",1,0,0,0,0,,,,,,,,,,,,,,,,,,,,,,,,,,,,,1,,,,,,,,0,,,,,,,,0,0,354,Argentina,,Salta,0,Capital
716,0,,,,"Centro de Salud Campo Santo",,"San MartÃ­n",248,,,"General Guemes",356,46,5,,,"San MartÃ­n 248"," Gral. Guemes"," Salta"," Argentina",-24.6741465,-65.0477384,,,"2017-02-10 23:28:43","2017-02-10 23:28:43",1,0,0,0,0,,,,,,,,,,,,,,,,,,,,,,,,,,,,,1,,,,,,,,0,,,,,,,,0,0,356,Argentina,,Salta,0,"General Martin Miguel de Güemes"
717,0,,,,"Centro de Salud El Bordo-Dr Fernando Lema",,"La Rioja",928,,,Salta,354,46,5,,,"La Rioja"," Gral. Guemes"," Salta"," Argentina",-24.7982637,-65.4163789,,,"2017-02-10 23:28:43","2017-02-10 23:28:43",1,0,0,0,0,,,,,,,,,,,,,,,,,,,,,,,,,,,,,1,,,,,,,,0,,,,,,,,0,0,354,Argentina,,Salta,0,Capital
718,0,,,,"Centro de Salud Juan D. Peron",,"Guillermo Poma",210,,,MetÃ¡n,357,46,5,,,"Guillermo Poma 210"," MetÃ¡n"," Salta"," Argentina",-25.5000892,-64.9827755,,,"2017-02-10 23:28:43","2017-02-10 23:28:43",1,0,0,0,0,,,,,,,,,,,,,,,,,,,,,,,,,,,,,1,,,,,,,,0,,,,,,,,0,0,357,Argentina,,Salta,0,Metán
719,0,,,,"Centro de Salud La Poma",Hospital,"Apolinario Saravia","Sin nÃºmero","Pje Peron","Pje Peron","General Guemes",356,46,5,,,"Gral. GÃ¼emes"," Apolinario Saravia"," Salta"," Argentina",-24.6747606,-65.0474089,,,"2017-02-10 23:28:43","2017-02-10 23:28:43",1,0,0,0,0,,,,,,,,,,,,,,,,,,,,,,,,,,,,,1,,,,,,,,0,,,,,,,,0,0,356,Argentina,,Salta,0,"General Martin Miguel de Güemes"
720,0,,,,"Centro de Salud Mision San Francisco I",,"La Pampa",119,,,Pichanal,353,46,5,,,"La Pampa"," Pichanal"," Salta"," Argentina",-23.3263358,-64.2304982,,,"2017-02-10 23:28:43","2017-02-10 23:28:43",1,0,0,0,0,,,,,,,,,,,,,,,,,,,,,,,,,,,,,1,,,,,,,,0,,,,,,,,0,0,353,Argentina,,Salta,0,Orán
721,0,,,,"Centro de Salud NÂ° 55 San Roque","Centro de Salud","Pje. 5","Sin nÃºmero","Calle 13","Calle 13",Salta,354,46,5,,,"Pje. 5"," Salta"," Argentina",-24.8497386,-65.4609256,,,"2017-02-10 23:28:43","2017-02-10 23:28:43",1,0,0,0,0,,,,,,,,,,,,,,,,,,,,,,,,,,,,,1,,,,,,,,0,,,,,,,,0,0,354,Argentina,,Salta,0,Capital
722,0,,,,"LÃ­nea Salud Sexual Programa Nacional",,,,,,Ushuaia,358,47,5,1,,,-54.810742,-68.330613,,,"2017-02-11 00:04:01","2017-02-11 00:04:01",1,0,0,0,0,0800-222-3444,,,,,,,,,,,,,,,,,,,,,,,,,,,,1,,,,,,,,0,,,,,,,,0,0,358,Argentina,,"Tierra del Fuego",0,
723,0,,,,"Hospital Regional Rio Grande ","Centro de Salud","Belgrano ",350,,,,358,47,5,1,,,-53.78168799251,-67.699728012085,,,"2017-02-11 00:04:01","2017-02-11 00:04:01",1,0,0,0,0,,,"Lunes a viernes de 8 a 15hs",,,,,,,,,,,,,,,,,,,,,,,,,,1,,,,,,,,0,,,,,,,,0,0,358,Argentina,,"Tierra del Fuego",0,
724,0,,,,"LÃ­nea Salud Sexual Programa Nacional",,,,,,"RÃ­o Gallegos",359,48,5,1,,,-51.611746,-69.290804,,,"2017-02-11 00:04:01","2017-02-11 00:04:01",1,0,0,0,0,0800-222-3444,,,,,,,,,,,,,,,,,,,,,,,,,,,,1,,,,,,,,0,,,,,,,,0,0,359,Argentina,,"Santa Cruz",0,
731,0,,,,"Hospital Area El Bolson","Centro de Salud","Perito Moreno ",2645,,,"El Bolson",361,49,5,1,,,-41.836827860727,-71.015625,,,"2017-02-11 00:04:01","2017-02-11 00:04:01",1,0,0,0,0,02944-492838,,,,,,,,,,,,,,,,,,,,,,,,,,,,1,,,,,,,,0,,,,,,,,0,0,361,Argentina,,"Rio Negro",0,
732,0,,,,"Hospital Zonal Area Programa Bariloche Dr Carrillo","Centro de Salud","Av Perito Moreno ",601,,,Bariloche,361,49,5,1,,,-41.508577297439,-71.015625,,,"2017-02-11 00:04:01","2017-02-11 00:04:01",1,0,0,0,0,02944-426100/107/117,,,,,,,,,,,,,,,,,,,,,,,,,,,,1,,,,,,,,0,,,,,,,,0,0,361,Argentina,,"Rio Negro",0,
733,0,,,,"Hospital Area Programa San Antonio Oeste Dr Serra","Centro de Salud","Av Belgrano",1799,,,"San Antonio Oeste",361,49,5,1,,,-41.178653972332,-63.369140625,,,"2017-02-11 00:04:01","2017-02-11 00:04:01",1,0,0,0,0,02934-430472,,,,,,,,,,,,,,,,,,,,,,,,,,,,1,,,,,,,,0,,,,,,,,0,0,361,Argentina,,"Rio Negro",0,
735,0,,,,"Hospital Area Programa Ing Huergo","Centro de Salud","Rio Negro",616,,,"Ingeniero Huergo",361,49,5,1,,,-39.027718840212,-66.181640625,,,"2017-02-11 00:04:01","2017-02-11 00:04:01",1,0,0,0,0,02941-480070,,,,,,,,,,,,,,,,,,,,,,,,,,,,1,,,,,,,,0,,,,,,,,0,0,361,Argentina,,"Rio Negro",0,
736,0,,,,"Centro De Atencion Integral Del Adolescente","Centro de Salud","Fortin Vidal",,,"Sargento Cabral","Cinco Saltos",361,49,5,1,,,-39.027718840212,-67.412109375,,,"2017-02-11 00:04:01","2017-02-11 00:04:01",1,0,0,0,0,,,,,,,,,,,,,,,,,,,,,,,,,,,,,1,,,,,,,,0,,,,,,,,0,0,361,Argentina,,"Rio Negro",0,
742,0,,,,"Hospital Area Programa Allen","Centro de Salud","Ing Quesnel S/N",,,,Allen,361,49,5,1,,,-38.754083275791,-67.1484375,,,"2017-02-11 00:04:01","2017-02-11 00:04:01",1,0,0,0,0,02541-425530,,,,,,,,,,,,,,,,,,,,,,,,,,,,1,,,,,,,,0,,,,,,,,0,0,361,Argentina,,"Rio Negro",0,
743,0,,,,"Hospital Area Gral Roca Dr Francisco Lopez Lima","Centro de Salud","Av Roca",,,Gelanch,"General Roca",361,49,5,1,,,-38.548165423046,-66.884765625,,,"2017-02-11 00:04:01","2017-02-11 00:04:01",1,0,0,0,0,02941-435852,,,,,,,,,,,,,,,,,,,,,,,,,,,,1,,,,,,,,0,,,,,,,,0,0,361,Argentina,,"Rio Negro",0,
734,0,,,,"LÃ­nea Salud Sexual Programa Nacional",,,,,,Viedma,362,50,5,1,,,-40.817163,-63.000483,,,"2017-02-11 00:04:02","2017-02-11 00:04:02",1,0,0,0,0,0800-222-3444,,,,,,,,,,,,,,,,,,,,,,,,,,,,1,,,,,,,,0,,,,,,,,0,0,362,Argentina,,"Río Negro",0,
737,0,,,,"Hospital Bouquet Roldan ","Centro de Salud","Teodoro Planas ",1915,,,,363,51,5,1,,,-38.958315896497,-68.074958324432,,,"2017-02-11 00:04:02","2017-02-11 00:04:02",1,0,0,0,0,,,"Lunes y jueves de 13 a 16:30 hs. ",,,,,,,,,,,,,,,,,,,,,,,,,,1,,,,,,,,0,,,,,,,,0,0,363,Argentina,,"Neuquen ",0,
738,0,,,,"Hospital Bouquet Roldan ","Centro de Salud","Teodoro Planas ",1915,,,NeuquÃ©n,363,51,5,1,,,-38.958315896497,-68.074958324432,,,"2017-02-11 00:04:02","2017-02-11 00:04:02",1,0,0,0,0,"0299- 4495585-4438179- 4422424",,"Lunes y jueves de 13 a 16:30 hs. ",,,,,,,,,,,,,,,,,,,,,,,,,,1,,,,,,,,0,,,,,,,,0,0,363,Argentina,,"Neuquen ",0,
740,0,,,,"Hospital De Zapala ","Centro de Salud","Luis Monti",155,,,,363,51,5,1,,,-38.9019,-70.0647,,,"2017-02-11 00:04:02","2017-02-11 00:04:02",1,0,0,0,0,,,"Jueves de 12 a 16hs. ",,,,,,,,,,,,,,,,,,,,,,,,,,1,,,,,,,,0,,,,,,,,0,0,363,Argentina,,"Neuquen ",0,
741,0,,,,"Hospital Zapala ","Centro de Salud","Luis Monti ",155,,,NeuquÃ©n,363,51,5,1,,,-38.9019,-70.0647,,,"2017-02-11 00:04:02","2017-02-11 00:04:02",1,0,0,0,0,"02942- 431428/2- 431516/17- 431521",,"Jueves de 12 a 16hs. ",,,,,,,,,,,,,,,,,,,,,,,,,,1,,,,,,,,0,,,,,,,,0,0,363,Argentina,,"Neuquen ",0,
739,0,,,,"LÃ­nea Salud Sexual Programa Nacional",,,,,,NeuquÃ©n,364,52,5,1,,,-38.940829,-68.100295,,,"2017-02-11 00:04:02","2017-02-11 00:04:02",1,0,0,0,0,0800-222-3444,,,,,,,,,,,,,,,,,,,,,,,,,,,,1,,,,,,,,0,,,,,,,,0,0,364,Argentina,,Neuquén,0,
744,0,,,,"LÃ­nea Salud Sexual Programa Nacional",,,,,,"Santa Rosa",365,53,5,1,,,-36.603536,-64.304154,,,"2017-02-11 00:04:02","2017-02-11 00:04:02",1,0,0,0,0,0800-222-3444,,,,,,,,,,,,,,,,,,,,,,,,,,,,1,,,,,,,,0,,,,,,,,0,0,365,Argentina,,"La Pampa",0,
745,0,,,,"Hospital Dr Lucio Molas ","Centro de Salud","RaÃºl B. DÃ­az",,,Pilcomayo,"Santa Rosa",365,53,5,1,,,-36.599491,-64.289911,,,"2017-02-11 00:04:02","2017-02-11 00:04:02",1,0,0,0,0,"02954-433010 int 2700 / 418890 / 418860 INCU ABAJO",,"Lunes a viernes de 08:00 a 12:00 hs ",,,,,,,,,,,,,,,,,,,,,,,,,,1,,,,,,,,0,,,,,,,,0,0,365,Argentina,,"La Pampa",0,
746,0,,,,"020 - Centro De Salud Alvear Oeste","Centro de Salud",Urquiza,249,,,"Colonia Alvear Oeste",366,54,5,1,,,-34.981135369114,-67.700757980347,,,"2017-02-11 00:04:03","2017-02-11 00:04:03",1,0,0,0,0,02625-422796,,,,,,,,,,,,,,,,,,,,,,,,,,,,1,,,,,,,,0,,,,,,,,0,0,366,Argentina,,Mendoza,0,
792,0,,,,"Hospital Antonio Scaravelli","Centro de Salud",Guemes,1441,,,Tunuyan,366,54,5,1,,,-33.5758,-69.0098,,,"2017-02-11 00:04:03","2017-02-11 00:04:03",1,0,0,0,0,02622-422329,,,,,,,,,,,,,,,,,,,,,,,,,,,,1,,,,,,,,0,,,,,,,,0,0,366,Argentina,,Mendoza,0,
890,0,,,,"Hospital Diego Paroissien","Centro de Salud","Godoy Cruz",475,,,"General Gutierrez",366,54,5,1,,,-32.9813,-68783,,,"2017-02-11 00:04:03","2017-02-11 00:04:03",1,0,0,0,0,0261-4810137,,,,,,,,,,,,,,,,,,,,,,,,,,,,1,,,,,,,,0,,,,,,,,0,0,366,Argentina,,Mendoza,0,
932,0,,,,"004 - Caps Los Glaciares","Centro de Salud","Pablo Iglesias",3440,,,"Godoy Cruz",366,54,5,1,,,-32.943059,-68.8190905,,,"2017-02-11 00:04:03","2017-02-11 00:04:03",1,0,0,0,0,0261-4271064,,,,,,,,,,,,,,,,,,,,,,,,,,,,1,,,,,,,,0,,,,,,,,0,0,366,Argentina,,Mendoza,0,
938,0,,,,"030 - Aldo Dapas - Godoy Cruz","Centro de Salud","Cristobal Colon ",339,,,"Godoy Cruz",366,54,5,1,,,-32.927364490438,-68.845911026001,,,"2017-02-11 00:04:03","2017-02-11 00:04:03",1,0,0,0,0,0261-4220001,,,,,,,,,,,,,,,,,,,,,,,,,,,,1,,,,,,,,0,,,,,,,,0,0,366,Argentina,,Mendoza,0,
941,0,,,,"149 - Ramon Carrillo","Centro de Salud","Plumerillo ",2420,,,"Godoy Cruz",366,54,5,1,,,-32.9224144,-68.8652483,,,"2017-02-11 00:04:03","2017-02-11 00:04:03",1,0,0,0,0,0261-4272294,,,,,,,,,,,,,,,,,,,,,,,,,,,,1,,,,,,,,0,,,,,,,,0,0,366,Argentina,,Mendoza,0,
957,0,,,,"029 - Caps Juan Eleazar Itoiz - VÂª Jovita","Centro de Salud","Renato Della Santa ",1910,,,"Godoy Cruz",366,54,5,1,,,-32.906505619617,-68.862433433533,,,"2017-02-11 00:04:03","2017-02-11 00:04:03",1,0,0,0,0,0261-4270557,,,,,,,,,,,,,,,,,,,,,,,,,,,,1,,,,,,,,0,,,,,,,,0,0,366,Argentina,,Mendoza,0,
961,0,,,,"016 - Cs Villa Nueva","Centro de Salud",Alpatacal,,,Chile,"Villa Nueva De Guaymallen",366,54,5,1,,,-32.897677847136,-68.781108856201,,,"2017-02-11 00:04:03","2017-02-11 00:04:03",1,0,0,0,0,0261-4261018,,,,,,,,,,,,,,,,,,,,,,,,,,,,1,,,,,,,,0,,,,,,,,0,0,366,Argentina,,Mendoza,0,
