establecimiento,tipo,distribución-testeo,calle,altura,piso_depto,cruce,barrio_localidad,partido_comuna_dpto,provincia,región sanitaria,teléfono,horario atención,web,mail,unidad coordinadora,responsable,UC mail,UC web,observaciones
Hospital Zonal General de Agudos “Julio de Vedia”,,Testeo,Tomás Cosentino ,1223,,,9 de Julio,9 de Julio,Buenos Aires,Región Sanitaria II,(02317) 43-0004/0025/0525/0125,,,direccion-vedia@ms.gba.gov.ar,,,,,
Hospital Zonal General De Agudos “Lucio Meléndez”,,Testeo,Gorriti ,859,,,Almirante Brown,Almirante Brown,Buenos Aires,Región Sanitaria VI,4294-7196/9515 - 4294-5555/7219/1313,,,,,,,,
Hospital Zonal General “Dr. Arturo Oñativia”,,Testeo,Ramon Carrillo ,1339,,,Rafael Calzada,Almirante Brown,Buenos Aires,Región Sanitaria VI,4219-5040/42/43/44/46/47/48,,,,,,,,
Centro Municipal de Almirante Brown,,Testeo,Gorriti ,888,,,Burzaco,Almirante Brown,Buenos Aires,Región Sanitaria VI,011-42140699,,,,,,,,
Hospital Municipal Sta. Fca. Romana,,Testeo,Av. Dardo Rocha,79,5º,,Arrecifes,Arrecifes,Buenos Aires,Región Sanitaria IV,(02478)-451319/451320/454478/451099,,,,,,,,
Hospital Subzonal Especializado Materno Infantil “Ana Goitía”,,Testeo,L.V. López ,1737,,,Avellaneda,Avellaneda,Buenos Aires,Región Sanitaria VI,4204-7038/8210/8451,,,,,,,,
Hospital Interzonal General de Agudos “Presidente Perón”,,Testeo,A. France ,773,,,Avellaneda,Avellaneda,Buenos Aires,Región Sanitaria VI,4204-0133,,,,,,,,
Hospital Interzonal General de Agudos “Dr Pedro Fiorito”,,Testeo,Belgrano ,850,,,Avellaneda,Avellaneda,Buenos Aires,Región Sanitaria VI,4201-5555 4201-3081/7,,,,,,,,
Hospital Zonal Esp. Materno Infantil “Victorio Tettamanti”,,Testeo,Entre Ríos,51,,,Azul,Azul,Buenos Aires,Región Sanitaria IX,02281-42-2063/4150,,,,,,,,
Servicio de Psiquiatría de Azul,,Testeo,Santa Fé,270,,,Azul,Azul,Buenos Aires,Región Sanitaria IX,02281-42-2746,,,,,,,,
Unidad Sanitaria Latino,,Testeo,Lugones,46,,,Bahia Blanca,Bahia Blanca,Buenos Aires,Región Sanitaria I,(0291) 488-9859,,,,,,,,
Unidad Sanitaria Luján,,Testeo,Enrique Julio ,806,,,Bahia Blanca,Bahia Blanca,Buenos Aires,Región Sanitaria I,(0291) 488-8351,,,,,,,,
Unidad Sanitaria Villa Floresta,,Testeo,Jose Ingenieros,2235,,,Bahia Blanca,Bahia Blanca,Buenos Aires,Región Sanitaria I,(0291) 488-8365,,,,,,,,
Hospital Penna,,Testeo,Lainez,,,Necochea,Bahia Blanca,Bahia Blanca,Buenos Aires,Región Sanitaria I,(0291) 459-3600,,,,,,,,
Unidad Sanitaria Avellaneda,,Testeo,Nicaragua ,2953,,,Bahia Blanca,Bahia Blanca,Buenos Aires,Región Sanitaria I,(0291) 488-8350,,,,,,,,
Unidad Sanitaria Estomba,,Testeo,Viamonte,2853,,,Bahia Blanca,Bahia Blanca,Buenos Aires,Región Sanitaria I,(0291) 488-8267,,,,,,,,
Unidad Sanitaria Nueva Belgrano,,Testeo,Witcomb,3900,,,Bahia Blanca,Bahia Blanca,Buenos Aires,Región Sanitaria I,(0291) 488-8268,,,,,,,,
Hospital Subzonal Dr. Piñeiro,,,T. Roselli ,1170,,,Baradero,Baradero,Buenos Aires,Región Sanitaria IV,(03329)-480004 / 480321,,,,,,,,
Hospital Interzonal General de Agudos “Evita Pueblo”,,,136,,,e/ 27 y 30,Berazategui,Berazategui,Buenos Aires,Región Sanitaria VI,4223-2737/2992/97,,,,,,,,
Hospital Zonal General de Agudos “Dr Larrain”,,,Londres,4453,,,Berisso,Berisso,Buenos Aires,Región Sanitaria XI,,,,,,,,,
Centro de Integración Comunitaria (Barrio Obrero),,,169,,,33,Berisso,Berisso,Buenos Aires,Región Sanitaria XI,,,,,,,,,
Unidad Sanitaria N° 17 (Los Talas),,,45,,,e/171 y 172,Berisso,Berisso,Buenos Aires,Región Sanitaria XI,,,,,,,,,
Unidad Sanitaria N° 18 (Villa Zula),,,38,,,e/175 y 176,Berisso,Berisso,Buenos Aires,Región Sanitaria XI,,,,,,,,,
Unidad Sanitaria N° 19 (Villa arguello),,,124,,,e/62 y 63,Berisso,Berisso,Buenos Aires,Región Sanitaria XI,,,,,,,,,
Unidad Sanitaria N° 35 (El Carmen),,,37,,,e/126 y 127,Berisso,Berisso,Buenos Aires,Región Sanitaria XI,,,,,,,,,
Unidad Sanitaria N° 41 (Villa Corbalán) ,,,13,,,e/153 Y 154,Berisso,Berisso,Buenos Aires,Región Sanitaria XI,,,,,,,,,
Unidad Sanitaria N° 42 (Villa España),,,27,,,164,Berisso,Berisso,Buenos Aires,Región Sanitaria XI,,,,,,,,,
Unidad Sanitaria N° 43 (Villa Nueva),,,145,,,e/ 6 y 7,Berisso,Berisso,Buenos Aires,Región Sanitaria XI,,,,,,,,,
Unidad Sanitaria N° 44 (Villa Progreso Faes),,,77,,,e/122 Bis y 123,Berisso,Berisso,Buenos Aires,Región Sanitaria XI,,,,,,,,,
Hospital Municipal “Dr. Francisco Caram”.,,,Ruta 29,"Km. 1,5",,,Brandsen,Brandsen,Buenos Aires,Región Sanitaria XI,,,,,,,,,
Centro Salud Las Mandarinas,,,Azcuénaga,,,e/ Hansen y Magdalena de Fait,Brandsen,Brandsen,Buenos Aires,Región Sanitaria XI,,,,,,,,,
Centro de Salud Altamirano,,,Sebastián Echeverría,,,Los Nogales,Brandsen,Brandsen,Buenos Aires,Región Sanitaria XI,,,,,,,,,
Centro de Salud Jepenner,,,Sargiotti,,,Moreno,Brandsen,Brandsen,Buenos Aires,Región Sanitaria XI,,,,,,,,,
Hospital Subzonal Especializado de Rehabilitación “Dr. José María Jorge”,,,Gorriti ,300,,,Burzaco,Burzaco,Buenos Aires,Región Sanitaria VI,4294-8308/8100,,,,,,,,
Centro Municipal de Almirante Brown,,,Gorriti ,888,,,Burzaco,Burzaco,Buenos Aires,Región Sanitaria VI,011-42140699,,,,,,,,
Ente Descentralizado Municipal “Dr. Angel Marzetti”,,,Rawson ,450,,,Cañuelas,Cañuelas,Buenos Aires,Región Sanitaria XI,,,,,,,,,
Caps Máximo Paz,,,Calle Belgrano ,,,y Colectora Ruta 205,Cañuelas,Cañuelas,Buenos Aires,Región Sanitaria XI,,,,,,,,,
Caps Santa Rosa,,,San Martín,63,,,Cañuelas,Cañuelas,Buenos Aires,Región Sanitaria XI,,,,,,,,,
Caps Los Pozos,,,Necochea,,,e/ Luzuriaga y Urbinea,Cañuelas,Cañuelas,Buenos Aires,Región Sanitaria XI,,,,,,,,,
Hospital Local San Carlos,,,Avda. San Martin,S/N,,,Capitan Sarmiento,Capitan Sarmiento,Buenos Aires,Región Sanitaria IV,(02478)-481311,,,,,,,,
Hospital Nuestra Sra. Del Carmen,,,C. M. Espill ,409,,,Carmen de Areco,Carmen de Areco,Buenos Aires,Región Sanitaria IV,(02273) - 442155,,,,,,,,
"Hospital Municipal “Ramón Carrillo""",,,San Martín ,17,,,Castelli,Castelli,Buenos Aires,Región Sanitaria XI,,,,,,,,,
"Hospital Municipal Nuestra Señora Del
Carmen",,Testeo,Avda. Garay,216,,,Chacabuco,Chacabuco,Buenos Aires,Región Sanitaria III,(02352) 430799/828,,,,,,,,
Hospital Municipal “San Vicente de Paul”,,,Lastra ,,,Hipólito Irigoyen,Chascomús,Chascomús,Buenos Aires,Región Sanitaria XI,,,,,,,,,
Cic B.F. Moreno,Centro de Atención Primaria de la Salud,,Estados Unidos,,,e/ Miramar y Las Flores,Chascomús,Chascomús,Buenos Aires,Región Sanitaria XI,,,,,,,,,
Cic Jardin,Centro de Atención Primaria de la Salud,,Tucumán,,,Casi Quintana,Chascomús,Chascomús,Buenos Aires,Región Sanitaria XI,,,,,,,,,
Cic Porteño,Centro de Atención Primaria de la Salud,,J.V. Mansilla,,,Calle 3,Chascomús,Chascomús,Buenos Aires,Región Sanitaria XI,,,,,,,,,
Cic Carranza,Centro de Atención Primaria de la Salud,,Juarez,606,,,Chascomús,Chascomús,Buenos Aires,Región Sanitaria XI,,,,,,,,,
Cic Iporá,Centro de Atención Primaria de la Salud,,Reconquista,,,México,Chascomús,Chascomús,Buenos Aires,Región Sanitaria XI,,,,,,,,,
Cic Horacio Quintin,Centro de Atención Primaria de la Salud,,Boulevar 5,,,Calle 2,Chascomús,Chascomús,Buenos Aires,Región Sanitaria XI,,,,,,,,,
Hospital Municipal Local Gral.,,,Boulevard 50,,,13,Colón,Colón,Buenos Aires,Región Sanitaria IV,(02473)-430416/18/20,,,,,,,,
Hospital Municipal San Roque,Hospital,,Lamadrid,880,,,Dolores,Dolores,Buenos Aires,Región Sanitaria XI,,,,,,,,,
"Hospital Zonal Gral de Agudos “Dr Horacio
Cestino""",Hospital,,San Martín,,,Estados Unidos,Ensenada,Ensenada,Buenos Aires,Región Sanitaria XI,,,,,,,,,
Centro Integrador Comunitario El Dique,,,43,,,Calle 126,Ensenada,Ensenada,Buenos Aires,Región Sanitaria XI,,,,,,,,,
Unidad Sanitaria Centro,,,San Martín y La Paz,,,La Paz,Ensenada,Ensenada,Buenos Aires,Región Sanitaria XI,,,,,,,,,
Unidad Sanitaria 1º de Mayo,,,Ecuador,17,,Saenz Peña,Ensenada,Ensenada,Buenos Aires,Región Sanitaria XI,,,,,,,,,
Unidad Sanitaria 5 de Mayo,,,Quintana,s/n,,e/Bolivia Contarelli,Ensenada,Ensenada,Buenos Aires,Región Sanitaria XI,,,,,,,,,
Unidad Sanitaria Barrio Mosconi,,,J. V. Gonzáles,s/n,,e Ingeniero,Ensenada,Ensenada,Buenos Aires,Región Sanitaria XI,,,,,,,,,
Unidad Sanitaria Nº 80 Villa Catella,,,36,s/n,,e/125 y 126,Ensenada,Ensenada,Buenos Aires,Región Sanitaria XI,,,,,,,,,
Unidad Sanitaria Río Santiago (Escuela Nº 8 Río Santiago),,,H. Irigoyen,s/n,, y Don Bosco,Ensenada,Ensenada,Buenos Aires,Región Sanitaria XI,,,,,,,,,
Unidad Sanitaria 101 Dr. Celestino Arce,,,Liniers ,,,Pasaje Irigoyen,Ensenada,Ensenada,Buenos Aires,Región Sanitaria XI,,,,,,,,,
Unidad Sanitaria Campamento,,,Gallino,131,,,Ensenada,Ensenada,Buenos Aires,Región Sanitaria XI,,,,,,,,,
Unidad Sanitaria Barrio Molino,,,Av. Almirante Brown,Columna 361,,,Ensenada,Ensenada,Buenos Aires,Región Sanitaria XI,,,,,,,,,
Unidad Sanitaria Nº 184,,,Av. Almirante Brown ,Columna 184,,,Ensenada,Ensenada,Buenos Aires,Región Sanitaria XI,,,,,,,,,
Unidad Sanitaria Nº 298,,,Av. Almirante Brown,Columna 298,,,Ensenada,Ensenada,Buenos Aires,Región Sanitaria XI,,,,,,,,,
Hospital Zonal “Dr. Enrique Erill”,,,Galvez,S/n,,,Escobar,Escobar,Buenos Aires,Región Sanitaria V,(03488) 43-3130,,,,,,,,
Hospital Santamarina,,,Alvear ,350,,,Monte Grande,Esteban Echeverría,Buenos Aires,Región Sanitaria VI,"011-4296-8874/72, Int.110","Horario: Lunes, Miércoles y Jueves 7.30 Hs.",,,,,,,
Hospital Zonal de Agudos “Madre Teresa de Calcuta”,,,R. J. Payro ,355,,,Ezeiza,Ezeiza,Buenos Aires,Región Sanitaria VI,4480-0266 /0317/ 0555/0515,,,,,,,,
Maternidad Central de Ezeiza,,,Canale ,,,e/Thompson y Belgrano,Ezeiza,Ezeiza,Buenos Aires,Región Sanitaria VI,011-43860801,,,,,,,,
Centro de Salud “El Parque”,,,"Ruta 36, antes de llegar al
barrio Pepsi)",,,,Florencio Varela,Florencio Varela,Buenos Aires,Región Sanitaria VI,02229-493584,Viernes 15 a 18 hs.,,,,,,,
Centro de Salud “La Sirena”,,,Guido Spano,1017,,(Sobre Ruta 4),Florencio Varela,Florencio Varela,Buenos Aires,Región Sanitaria VI,4237-3417,Martes 9 a 12 hs.,,,,,,,
Centro de Salud “Esmeralda”,,,Av. 13 De Diciembre,,,,Florencio Varela,Florencio Varela,Buenos Aires,Región Sanitaria VI,4237-3423,,,,,,,,
Centro de Salud “San Francisco “,,,1336,,,,Florencio Varela,Florencio Varela,Buenos Aires,Región Sanitaria VI,4274-3782,"Martes 14 a 15.30 hs y Miércoles 9 a
10.30 hs",,,,,,,
Centro de Salud “Presidente Perón”,,,Ruta 2 ,Km 31,5 Edif. 60,,Florencio Varela,Florencio Varela,Buenos Aires,Región Sanitaria VI,4221-1048,Viernes 8.30 a 11.30 hs.,,,,,,,
Centro de Salud “Padre Mujica”,,,El Boyero,,,e/ Los Olivos y Los Algarrobos,Florencio Varela,Florencio Varela,Buenos Aires,Región Sanitaria VI,4268-2197,Jueves desde las 10 hs.,,,,,,,
Centro de Salud “San Eduardo”,,,Esperandio,,,R. Peña,Florencio Varela,Florencio Varela,Buenos Aires,Región Sanitaria VI,4255-1045,Martes 16 a 19 hs. y Lunes 11.30 a 14.30 hs.,,,,,,,
Centro de Salud “Malvinas”,,,Los Quebrachos,,,El Car,Florencio Varela,Florencio Varela,Buenos Aires,Región Sanitaria VI,4268-2052,,,,,,,,
Hospital Municipal “Mi Pueblo”,,,Progreso,240,,,Florencio Varela,Florencio Varela,Buenos Aires,Región Sanitaria VI,4255- 1767/ 7810,"Asesoramiento Pre y
Post Test en el Servicio de Infectología",,,,,,,
Centro de Salud “Villa Hudson”,,,Tronador,,,Pozos,Florencio Varela,Florencio Varela,Buenos Aires,Región Sanitaria VI,4213-9318,,,,,,,,
Centro de Salud “Pico de Oro”,,,Yugoslavia,,,La Hoya,Florencio Varela,Florencio Varela,Buenos Aires,Región Sanitaria VI,4274-2199,Jueves 10 a 12 hs y Martes 15 a 16 hs.,,,,,,,
Alta Complejidad Hospital “El Cruce”,,,Av. Calchaquí,5401,,,Florencio Varela,Florencio Varela,Buenos Aires,Región Sanitaria VI,011- 42107095/7096/7089,,info@hospitalelcruce.org.ar / comunicacionsocial@hospitalelcruce.org,,,,,,
Hospital Municipal F. Ameghino,,Testeo,Av. San Martín,281,,,Florentino Ameghino,Florentino Ameghino,Buenos Aires,Región Sanitaria III,(03388) 471055,,,,,,,,
Centro De Salud “El Tanque”,,,,,,,Miramar,General Alvarado,Buenos Aires,Región Sanitaria VIII,,,,,,,,,
Hospital Municipal “Juan E. De La Fuente”,,,Av. España,325,,,General Belgrano,General Belgrano,Buenos Aires,Región Sanitaria XI,,,,,,,,,
Caps Callegari,,,Barrio Callegari,72,,,General Belgrano,General Belgrano,Buenos Aires,Región Sanitaria XI,,,,,,,,,
Caps Lombardo,,,Ruta 41,,,e/231 y 233,General Belgrano,General Belgrano,Buenos Aires,Región Sanitaria XI,,,,,,,,,
Caps Crucificado,,,53,,,e/126 y 128,General Belgrano,General Belgrano,Buenos Aires,Región Sanitaria XI,,,,,,,,,
Caps Carrillo,,,Av. 25 De Mayo,,,e/ 7 y 9,General Belgrano,General Belgrano,Buenos Aires,Región Sanitaria XI,,,,,,,,,
Caps Juana Belgrano (Chas),,,35°52′28″S 58°34′56″O,,,,Chas,General Belgrano,Buenos Aires,Región Sanitaria XI,,,,,,,,,
Caps Newton,,,35°55′52″S 58°46′27″O,,,,Newton,General Belgrano,Buenos Aires,Región Sanitaria XI,,,,,,,,,
Caps Gorchs,,,Dr De Alzaa,S/N,,,General Belgrano,General Belgrano,Buenos Aires,Región Sanitaria XI,,,,,,,,,
Hospital Municipal “Juan y María Scasso de Campomar”,Hospital,distribución y testeo,Av. Campomar,3413,,,General Paz,General Paz,Buenos Aires,Región Sanitaria XI,,,,,,,,,
Hospital Municipal Gral. Viamonte,,Testeo,6 de Agosto,627,,6 de Agosto y Passo,General Viamonte / Los Toldos ,General Viamonte / Los Toldos ,Buenos Aires,Región Sanitaria III,0358-442458/3263/2290,,http://www.generalviamonte.gov.ar/,,,,,,
Hospital Municipal Gral. Lamadrid,,,Echegaray,S/n,,,Gral Lamadrid,Gral Lamadrid,Buenos Aires,Región Sanitaria IX,02216-420036/657,,,,,,,,
"Centro de Diagnóstico de la Municipalidad
de Villa Pueyrredón",,,,,,,Gral Pueyrredón,Gral Pueyrredón,Buenos Aires,Región Sanitaria VIII,,,,,,,,,
Programa Provincial de Vih/Sida,,,Av. Independencia,1213,,,Mar del Plata,Gral Pueyrredón,Buenos Aires,Región Sanitaria VIII,(0223) 495-3805,,,,,,,,
Instituto Nacional de Epidemiología (I.N.E.),,,Castelli ,2450,,,Mar del Plata,Gral Pueyrredón,Buenos Aires,Región Sanitaria VIII,0223-494-1407 0223-494-5262,,,,,,,,
Hospital Interzonal Especializado Materno Intantil,,,,,,,Mar del Plata,Gral Pueyrredón,Buenos Aires,Región Sanitaria VIII,,,,,,,,,
Hospital Interzonal General de Agudos (H.I.G.A.),,,Juan B Justo,,,Calle 169,Mar del Plata,Gral Pueyrredón,Buenos Aires,Región Sanitaria VIII,0223-477-0519/0262,,,,,,,,
Hospital Local “Casa del Niño”,,,Martínez de Hoz,,,e/ 4 Y 6,Mar del Plata,Gral Pueyrredón,Buenos Aires,Región Sanitaria VIII,0223-484-2891/0136,,,,,,,,
Hospital Vicente López y Planes,,,Alem,,,25 de Mayo,Gral Rodriguez,Gral Rodriguez,Buenos Aires,Región Sanitaria VII,0237 -44-0323 /44-0443,,,,,,,,
Hospital Baldomero Sommer,,,Ruta 24,"Km. 23,500",,,Gral Rodriguez,Gral Rodriguez,Buenos Aires,,(0237) 484-0880,,,,,,,,
Hospital Zonal General de Agudos “Gobernador Domingo Mercante”,,,Cnel Suárez ,800,,,Jose C. Paz,Jose C. Paz,Buenos Aires,Región Sanitaria V,(02320) 44-0000/44-0080,,,,,,,,
Hospital Interzonal General de Agudos “Abraham Piñeyro”,,Testeo,Lavalle ,1084,,,Junín,Junín,Buenos Aires,Región Sanitaria III,(02362) 433108/3313,,,,,,,,
Hospital Dr. Equiza,,,Cuyo,4246,,,Gonzalez Catan,La Matanza,Buenos Aires,Región Sanitaria XII,02202-424820/424830,,,,,,,,
Hospital Dra. Germani,,,Av. Luro,656,,,Laferrere,La Matanza,Buenos Aires,Región Sanitaria XII,4626-0315/0447,,,,,,,,
Centro de Salud Roca,,,Miller,4250,,,Virrey Del Pino,La Matanza,Buenos Aires,Región Sanitaria XII,02202-440840,,,,,,,,
Centro de Salud Dr. Ramón Carrillo N° 3,,,Av. Central,,,200,Ciudad Evita,La Matanza,Buenos Aires,Región Sanitaria XII,(011)4695-3917,,,,,,,,
Centro de Salud Dr. Giovinazzo,,,Fco. Seguí ,6164,,,Isidro Casanova,La Matanza,Buenos Aires,Región Sanitaria XII,4625-3967/4669-3906,,,,,,,,
Hospital Zonal Gral De Agudos “Dr. Diego Paroissien”,,,Ruta 3,Km 21,,,Isidro Casanova,La Matanza,Buenos Aires,Región Sanitaria XII,4669-3490/3590,,,,,,,,
Centro de Salud Dr. Sakamoto,,,Jaramillo,,,Dávila,Rafael Castillo,La Matanza,Buenos Aires,Región Sanitaria XII,4690-3136,,,,,,,,
"Policlínico Central San Justo, Consultorio de Infectología",Hospital,,Entre Ríos,3037,,,San Justo,La Matanza,Buenos Aires,Región Sanitaria XII,4651-0101 al 09 Int. 197,,,,,,,,
Hospital del Niño de San Justo,,,Granada,,,Centenera,San Justo,La Matanza,Buenos Aires,Región Sanitaria XII,4441-9371/2776/0736,,,,,,,,
Centro de Salud Dr. Eizaguirre,,,Juárez Celman,,,Chávez,Villa Celina,La Matanza,Buenos Aires,Región Sanitaria XII,4662-3117,,,,,,,,
Centro de Salud Dr. Ezcurra,,,Monseñor López May,6500,,Entre Achupalia y Atalco,Villa Dorrego,La Matanza,Buenos Aires,Región Sanitaria XII,02202-451255,,,,,,,,
Hospital Interzonal de Agudos y Crónicos “San Juan de Dios”,Hospital,,27,,,70,La Plata,La Plata,Buenos Aires,Región Sanitaria XI,,,,,,,,,
"Hospital Interzonal Gral de Agudos “Gral Jose De San Martín""",Hospital,,1,,,70,La Plata,La Plata,Buenos Aires,Región Sanitaria XI,,,,,,,,,
Hospital Interzonal Gral de Agudos “Profesor Dr Rodolfo Rossi”,Hospital,,37,,,e/ 117 y 118,La Plata,La Plata,Buenos Aires,Región Sanitaria XI,,,,,,,,,
Hospital Subzonal Esp. Casa del Niño “Elina De la Serna”,Hospital,,8,483,,,La Plata,La Plata,Buenos Aires,Región Sanitaria XI,,,,,,,,,
"Hospital Interzonal Esp. de Agudos Y
Cronicos “Dr Alejandro Korn”",Hospital,,520,,,175,La Plata,La Plata,Buenos Aires,Región Sanitaria XI,,,,,,,,,
"Hospital Zonal Gral de Agudos “Dr Ricardo
Gutierrez”",Hospital,,Diag. 114,,,e/ 39 y 40,La Plata,La Plata,Buenos Aires,Región Sanitaria XI,,,,,,,,,
Hospital Zonal Gral de Agudos “San Roque”,Hospital,,508,,,E/ 8 Y 9,Gonnet,La Plata,Buenos Aires,Región Sanitaria XI,,,,,,,,,
Centro de Referencia (Centro Salud Nº 13),,,41,770,,,Gonnet,La Plata,Buenos Aires,Región Sanitaria XI,,,,,,,,,
Centro Salud Nº 17,,,449,,,27,City Bell,La Plata,Buenos Aires,Región Sanitaria XI,,,,,,,,,
Centro de Salud Integral “Sandra Cabrera”,,,1,1723,,,City Bell,La Plata,Buenos Aires,Región Sanitaria XI,,,,,,,,,
Hospital Interzonal Esp. de Agudos (Pediátrico) “Sor María Ludovica”,Hospital,,14,1631,,,City Bell,La Plata,Buenos Aires,Región Sanitaria XI,,,,,,,,,
Hospital Zonal Esp. (Pediátrico) “Dr. Noel Sbarra”,Hospital,,8,1689,,,City Bell,La Plata,Buenos Aires,Región Sanitaria XI,,,,,,,,,
Centro de Salud Nº 1,,,145,,,e/ 59 y 60,Los Hornos,La Plata,Buenos Aires,Región Sanitaria XI,,,,,,,,,
Centro de Salud Nº 2,,,66,,,14,Los Hornos,La Plata,Buenos Aires,Región Sanitaria XI,,,,,,,,,
Centro de Salud Nº 3,,,45,,,e/ 146 y 147,San Carlos,La Plata,Buenos Aires,Región Sanitaria XI,,,,,,,,,
Centro de Salud Nº 4,,,Camino Centenario,,,y Arana,Villa Elisa,La Plata,Buenos Aires,Región Sanitaria XI,,,,,,,,,
Centro de Salud Nº 5,,,12,,,19,City Bell,La Plata,Buenos Aires,Región Sanitaria XI,,,,,,,,,
Centro de Salud Nº 6,,,123,,,e/ 80 y 81,Villa Elvira,La Plata,Buenos Aires,Región Sanitaria XI,,,,,,,,,
Centro de Salud Nº 7 ,,,7,,,82,Villa Elvira,La Plata,Buenos Aires,Región Sanitaria XI,,,,,,,,,
Centro de Salud Nº 8,,,20,,,85,San Lorenzo,La Plata,Buenos Aires,Región Sanitaria XI,,,,,,,,,
Centro de Salud Nº 9,,,528 Bis,,,2 Bis,Tolosa,La Plata,Buenos Aires,Región Sanitaria XI,,,,,,,,,
Centro de Salud Nº 10,,,208,,,516,Abasto,La Plata,Buenos Aires,Región Sanitaria XI,,,,,,,,,
Centro de Salud Nº 11,,,143,,,414 Bis,Arturo Seguí,La Plata,Buenos Aires,Región Sanitaria XI,,,,,,,,,
Centro de Salud Nº 12,,,138,,,481,Gorina,La Plata,Buenos Aires,Región Sanitaria XI,,,,,,,,,
Centro de Salud Nº 13,,,41,,,e/ 10 y 1,La Plata,La Plata,Buenos Aires,Región Sanitaria XI,,,,,,,,,
Centro de Salud Nº 14,,,16,,,e/ 529 y 530,Tolosa,La Plata,Buenos Aires,Región Sanitaria XI,,,,,,,,,
Centro de Salud Nº 15,,,520,,,118,Tolosa,La Plata,Buenos Aires,Región Sanitaria XI,,,,,,,,,
Centro de Salud Nº 16,,,66,,, e/ 173 y 174,Los Hornos,La Plata,Buenos Aires,Región Sanitaria XI,,,,,,,,,
Centro de Salud Nº 17,,,449,,,27,City Bell,La Plata,Buenos Aires,Región Sanitaria XI,,,,,,,,,
Centro de Salud Nº 18,,,45,,,e/ 187 y 188 Bis,Olmos,La Plata,Buenos Aires,Región Sanitaria XI,,,,,,,,,
Centro de Salud Nº 19,,,4,,,612,Villa Elvira,La Plata,Buenos Aires,Región Sanitaria XI,,,,,,,,,
Centro de Salud Nº 20,,,139,,,e/ 33 y 34,Romero,La Plata,Buenos Aires,Región Sanitaria XI,,,,,,,,,
Centro de Salud Nº 21,,,131,,,e/ 639 y 640,San Lorenzo,La Plata,Buenos Aires,Región Sanitaria XI,,,,,,,,,
Centro de Salud Nº 22 (Estación Ignacio Correa),Centro de Atención Primaria de la Salud,,29,,,696,La Plata,La Plata,Buenos Aires,Región Sanitaria XI,,,,,,,,,
Centro de Salud Nº 23,Centro de Atención Primaria de la Salud,,53,,,228,Etcheverry,La Plata,Buenos Aires,Región Sanitaria XI,,,,,,,,,
Centro de Salud Nº 24,Centro de Atención Primaria de la Salud,,Ruta 2,"Km 44,5",,,Barrio El Peligro,La Plata,Buenos Aires,Región Sanitaria XI,,,,,,,,,
Centro de Salud Nº 25,,,514,,,12,Ringuelet,La Plata,Buenos Aires,Región Sanitaria XI,,,,,,,,,
Centro de Salud Nº 26,,,122,,,605,Villa Elvira,La Plata,Buenos Aires,Región Sanitaria XI,,,,,,,,,
Centro de Salud Nº 27,,,526,,,e/ 24 y 25,Tolosa,La Plata,Buenos Aires,Región Sanitaria XI,,,,,,,,,
Centro de Salud Nº 28,,,10,,,491,Gonnet,La Plata,Buenos Aires,Región Sanitaria XI,,,,,,,,,
Centro de Salud Nº 29 (República de los Niños),,,Camino Gral Belgrano y 500,,,500,Gonnet,La Plata,Buenos Aires,Región Sanitaria XI,,,,,,,,,
Centro de Salud Nº 31,,,186,,,492,Romero,La Plata,Buenos Aires,Región Sanitaria XI,,,,,,,,,
Centro de Salud Nº 32,,,131,,,510,Hernández,La Plata,Buenos Aires,Región Sanitaria XI,,,,,,,,,
Centro de Salud Nº 33,,,143,,,520,Romero,La Plata,Buenos Aires,Región Sanitaria XI,,,,,,,,,
Centro de Salud Nº 34,,,156,,,e/ 528 y 529,,La Plata,Buenos Aires,Región Sanitaria XI,,,,,,,,,
Centro de Salud Nº 35,,,99,,,121,Villa Elvira,La Plata,Buenos Aires,Región Sanitaria XI,,,,,,,,,
Centro de Salud Nº 36,,,412,,,29,Villa Elisa,La Plata,Buenos Aires,Región Sanitaria XI,,,,,,,,,
Centro de Salud Nº 37,,,137,,,e/ 79 y 80,Los Hornos,La Plata,Buenos Aires,Región Sanitaria XI,,,,,,,,,
Centro de Salud Nº 38,,,7,,,477,City Bell,La Plata,Buenos Aires,Región Sanitaria XI,,,,,,,,,
Centro de Salud Nº 39,,,412,,,e/ 116 y 117,Villa Elisa,La Plata,Buenos Aires,Región Sanitaria XI,,,,,,,,,
Centro de Salud Nº 41,,,84,,,e/ 131 y 132,San Lorenzo,La Plata,Buenos Aires,Región Sanitaria XI,,,,,,,,,
Centro de Salud Nº 42,,,149,,,e/ 35 y 36,San Carlos,La Plata,Buenos Aires,Región Sanitaria XI,,,,,,,,,
Centro de Salud Nº 43,,,8,,,632,Villa Elvira,La Plata,Buenos Aires,Región Sanitaria XI,,,,,,,,,
Centro de Salud Nº 44,,,145,,,e/ 59 y 60,Los Hornos,La Plata,Buenos Aires,Región Sanitaria XI,,,,,,,,,
Centro de Medicina Preventiva Dr. René Favaloro,,,Sitio de Montevideo,1862,,,Lanús,Lanús,Buenos Aires,Región Sanitaria VI,011-4241-2204/8111,,,,,,,,
Hospital Zonal General de Agudos “Dr. Narciso López”,,,O´Higgins ,1333,,,Lanús,Lanús,Buenos Aires,Región Sanitaria VI,4241-2749/4184/4240,,,,,,,,
Hospital: Servicio Zonal de Oncología de,,,Pringles ,1245,,,Lanús,Lanús,Buenos Aires,Región Sanitaria VI,4241-2968,,,,,,,,
Hospital Interzonal General de Agudos “Evita”,,,Rio de Janeiro,1910,,,Lanús,Lanús,Buenos Aires,Región Sanitaria VI,4241-5186 al 89/ 5844/4050 al 59,,,,,,,,
"Hospital Local General de Agudos “Dr.
Arturo Melo”",,,Avda Lujan,3050,,,Remedios De Escalada,Lanús,Buenos Aires,Región Sanitaria VI,4246-0868/6491/0608/4525/4530,,,,,,,,
Hospital Municipal “Dr. Francisco Quijano”,,distribución y testeo,Desvío Ruta 57,S/N,,,Lezama,Lezama,Buenos Aires,Región Sanitaria XI,,,,,,,,,
Hospital Municipal Dr. Rubén Miravalle,,Testeo,Avenida San Lorenzo ,"2000, 6070",,,Lincoln,Lincoln,Buenos Aires,Región Sanitaria III,(02355) 421400-421600,,,,,,,,
Hospital Interzonal General de Agudos “Luisa C. de Gandulfo “,,,Balcarce,351,,,Lomas de Zamora,Lomas de Zamora,Buenos Aires,Región Sanitaria VI,011-42435555,,,,,,,,
Hospital Interzonal Especializado “Dr. J.A. Estevez”,,,Garibaldi,1661,,,Lomas de Zamora,Lomas de Zamora,Buenos Aires,Región Sanitaria VI,4298-1931/0091 al 93/4873,,,,,,,,
"Unidad Sanitaria Araoz Alfaro Municipalidad
de Lomas de Zamora",,,H.Yrigoyen,10067,,,Temperley,Lomas de Zamora,Buenos Aires,Región Sanitaria VI,011-42399689,,,,,,,,
Hospital Local Materno Infantil Oscar Alende,,,Claudio De Alas ,2584,,,Ingeniero Budge,Lomas de Zamora,Buenos Aires,Región Sanitaria VI,4285-1816,,,,,,,,
Hosp.Municipal Ntra Sra de Luján,,,San Martín,175,,,Luján,Luján,Buenos Aires,,(02323) 4424- 870,,,,,,,,
Hospital Interzonal Especializado Colonia (Opendoor),,,Av. Domingo Cabret,,,y Juan De Dios Filiberto,Luján,Luján,Buenos Aires,,(02323) 449-6061/6247/6249,,,,,,,,
"Hospital Municipal Subzonal “Santa María Magdalena""",,distribución y testeo,Las Heras,385,,,Magdalena,Magdalena,Buenos Aires,Región Sanitaria XI,,,,,,,,,
Hospital Subzonal de Médanos,,Testeo,Matheu S/N,,,,Médanos,Médanos,Buenos Aires,Región Sanitaria I,(02927) 432268,,,,,,,,
Hospital Zonal General “Blas Dubarry”,,,12,285,,,Mercedes,Mercedes,Buenos Aires,Región Sanitaria X,(02324) 425555 / 423618,,,,,,,,
Hospital Municipal Eva Perón,,,Colón ,451,,,Merlo,Merlo,Buenos Aires,,,,,,,,,,
Hospital Héroes de Malvinas,,,R. Balbin ,1910,,,Merlo,Merlo,Buenos Aires,,,,,,,,,,
Hospital Materno / Infantil Pontevedra,,,Capitán Giachino ,2220,,,Pontevedra,Merlo,Buenos Aires,,(0220) 492 - 0242,,,,,,,,
Hospital Municipal Materno Infantil Pedro Chutro,,,Chubut ,368,,,S.A. de Padua,Merlo,Buenos Aires,,(0220) 482 - 2309,,,,,,,,
"Hospital Zonal General “Mariano y Luciano
De La Vega”",,,Libertador ,710,,,Moreno,Moreno,Buenos Aires,,(0237) 42-5946 /5954/0038,,,,,,,,
Hospital Interzonal General de Agudos “Dr. Luis A. Güemes”,,,Rivadavia 15000,710,,,Haedo,Morón,Buenos Aires,,4659-2011 / 2018 Int 167,,,,,,,,
Hospital Nacional Prof. Dr. A. Posadas,,,Marconi ,,,y Pte. Illia,Villa Sarmiento,Morón,Buenos Aires,,,,,,,,,,
Hospital de Morón,,,Dr. Monte,838,consultorio 38 (PB),,Morón,Morón,Buenos Aires,,4627-2986,"Martes, jueves y viernes, de 11 a 13 hs
1º viernes de cada mes, vespertino de
19 a 21 hs. Extracción en el momento de la asesoría
y el resultado está a la semana.",,,,,,,
Hospital Emilio Ferreira,,,59,480,,,Necochea,Necochea,Buenos Aires,Región Sanitaria VIII,02262-428463,,,,,,,,
Hospital Irurzún,,,541,3550,,,Quequen,Necochea,Buenos Aires,Región Sanitaria VIII,02262-450050,,,,,,,,
Hospital Local Especializado en Salud Mental,,,5,S/N,,,Hinojo,Olavarría,Buenos Aires,Región Sanitaria IX,02284-49-1052,,,,,,,,
Hospital Subzoanl General,,,Int. Guaresti,S/N,,,Las Flores,Olavarría,Buenos Aires,Región Sanitaria IX,02284-42893 /2114,,,,,,,,
Hospital Zonal Especializado de Oncología “Luciano Fortabat”,,,Rivadavia ,4057,,,Olavarría,Olavarría,Buenos Aires,Región Sanitaria IX,,,,,,,,,
Hospital Pedro Luro,,Testeo,26,81,,,Pedro Luro,Pedro Luro,Buenos Aires,Región Sanitaria I,(02928) 420185,,,,,,,,
"Hospital Interzonal General De Agudos “San José""",,,Liniers,950,,,Pergamino,Pergamino,Buenos Aires,Región Sanitaria IV,(02477) 42-9791 Al 99 (02477) 42-4183,,,,,,,,
Hospital Municipal de Pila,,distribución y testeo,6,,,esq. 11,Pila,Pila,Buenos Aires,Región Sanitaria XI,,,,,,,,,
"Hospital Zonal Gral de Agudos “Cecilia Grierson""",,distribución y testeo,Av Gral. Fernández de la Cruz,4402,,,Guernica,Presidente Perón,Buenos Aires,Región Sanitaria XI,,,,,,,,,
Hospital Municipal de La Comunidad “Dr. Guillermo Hernández”,,distribución y testeo,Base Aeronaval,,,,Punta Indio,Punta Indio,Buenos Aires,Región Sanitaria XI,,,,,,,,,
"Hospital Zonal General de Agudos “Dr I.
Iriarte”",,,Allison Bell,770,,,Quilmes,Quilmes,Buenos Aires,Región Sanitaria VI,4253-2690/6021 al 23,,,,,,,,
"Instituto Municipal de Medicina Preventiva
Dr. R. Carrillo",,,Marcelo T. Alvear ,,,esq. Islas Malvinas,Quilmes,Quilmes,Buenos Aires,Región Sanitaria VI,011- 4224-5636/ 4224-5634 / 4253-7733 / 4253-7923,,,,,,,,
Centro Asistencial Modelo Don Bosco,,,Pringles 1010 ,,,e/ Misiones y Formosa,Don Bosco,Quilmes,Buenos Aires,Región Sanitaria VI,"Fax: 4251-6395
Tel: 4251-6396",,,,,,,,
Hospital Subzonal Materno Infantil Dr. Oller,,,844,2100,,,San Francisco Solano,Quilmes,Buenos Aires,Región Sanitaria VI,011-4212-2976,,,,,,,,
Hospital Municipal José Gomendio,,,J. M. Gomendio,1374,,,Ramallo,Ramallo,Buenos Aires,Región Sanitaria IV,(03407)-421555/421666,,,,,,,,
Hospital Municipal de Rauch,,,Alberti ,450,,,Rauch,Rauch,Buenos Aires,Región Sanitaria IX,02297-44-2620,,,,,,,,
Servicio Local de Psiquiatría para Crónicos “Eliseo Mañay”,,,Colón,S/N,,,Rauch,Rauch,Buenos Aires,Región Sanitaria IX,02286-49-4002/4202,,,,,,,,
Hospital Geriátrico para Crónicos,,,Irigoyen,,,Otaño,Rauch,Rauch,Buenos Aires,Región Sanitaria IX,02297-42075,,,,,,,,
Hospital Saturnino Unzué,,,Avda. 25 De Mayo ,717,,,Rojas,Rojas,Buenos Aires,Región Sanitaria IV,(02475)-465342 / 465316 / 465410,,,,,,,,
Hospital Zonal General “Dr Posadas”,,,Dr. Emparanza ,2753,,,Saladillo,Saladillo,Buenos Aires,Región Sanitaria X,,,,,,,,,
Hospital Local Gral.,,,Libertad 520,2753,,,Salto,Salto,Buenos Aires,Región Sanitaria IV,(02474)-425083 / 431020,,,,,,,,
Hospital Municipal Local Emilio Zerboni,,,Lavalle ,S/N,,,San Antonio de Areco,San Antonio de Areco,Buenos Aires,Región Sanitaria IV,(02326)-452391 / 452345,,,,,,,,
Hospital Municipal “Valentín Nores”,,,Maipú ,,,Casareto,Tigre,San Fernando,Buenos Aires,Región Sanitaria V,4731-7600,,,,,,,,
Centro de Orientación Social,,,Ayacucho ,1432,,,San Fernando,San Fernando,Buenos Aires,Región Sanitaria V,4746-4523 ,,www.facebook.com/vihsanfernando," 
vih@sanfernando.gov.ar",,Responsable: Mariano Schettini,,,
Centro De Salud Bertres,,,Azcuénaga,1745,,,San Fernando,San Fernando,Buenos Aires,Región Sanitaria V,4714-6214,,,,,Responsable: Adriana Bravo,,,
Centro de Salud Gálvez,,,Portugal,2276,,,San Fernando,San Fernando,Buenos Aires,Región Sanitaria V,4714-1664,,,,,Responsable: Jorge Kavic,,,
Centro de Salud Reineke,,,Alvear,,,Cerbetto,San Fernando,San Fernando,Buenos Aires,Región Sanitaria V,Tel: 4746-4132,,,,,Responsable: Cynthia Sánchez,,,
Centro de Salud Di Matteo,,,Sarmiento ,,,3244,San Fernando,San Fernando,Buenos Aires,Región Sanitaria V,4744-1718,,,,,Responsable: Lidia Cáseres,,,
Centro de Salud Nº 66,,,Balcarce ,,,2959,San Fernando,San Fernando,Buenos Aires,Región Sanitaria V,4714-5159,,,,,Responsable: Andrea Pérez / Paula Ponte,,,
Centro de Salud Crisol,,,Martín Rodríguez,,,Tucumán,San Fernando,San Fernando,Buenos Aires,Región Sanitaria V,4746-4126,,,,,Responsable: Mariana Vila,,,
Centro de Salud Piaggi,,,Málaga,,,Garibaldi,San Fernando,San Fernando,Buenos Aires,Región Sanitaria V,4714-7094,,,,,Responsable: Ma. del Carmen De Filippis,,,
Centro de Salud María Isabel,,,Arenales ,3220,,,San Fernando,San Fernando,Buenos Aires,Región Sanitaria V,4746-1941,,,,,Marisa Barroso / Pablo Reyes,,,
Centro de Salud Nº 31,,,Garibaldi ,2727,,,San Fernando,San Fernando,Buenos Aires,Región Sanitaria V,4746-3921,,,,,Responsable: Paula Ponte / Olga Abriola,,,
Centro Sanitario Villa Jardín,,,Guatemala,3069,,,San Fernando,San Fernando,Buenos Aires,Región Sanitaria V,4714-6746 / 8746,,,,,Responsable: Catalina Gerase,,,
Centro de Salud Nº 26,,,Maipú,2354,,,San Fernando,San Fernando,Buenos Aires,Región Sanitaria V,4746-4132,,,,,Responsable: Ma. Del Carmen De Filippis,,,
Centro de Salud Nº 27,,,25 De Mayo,2290,,,San Fernando,San Fernando,Buenos Aires,Región Sanitaria V,4744-3138,,,,,Responsable : Mariana Vila,,,
Hospital Zonal General de Agudos “Magdalena V De Martínez “,,,Williams ,166,,,Tigre,San Fernando,Buenos Aires,Región Sanitaria V,4736-0132/0154,,,,,,,,
Hospital Zonal General de Agudos “Petrona V. De Cordero”,,,Belgrano ,1955,,,San Fernando,San Fernando,Buenos Aires,Región Sanitaria V,4744-2693/5885/2624/3374/4557/4750,,,,,,,,
Region Sanitaria Nº5 San Isidro,,,Acassuso,715,,,San Isidro,San Isidro,Buenos Aires,Región Sanitaria V,4747 2885,,,,,,,,
"Unidad Sanitaria Nº 8, Héroes de Malvinas",,,Av. Luis María Campos,2152,,,San Martín,San Martín,Buenos Aires,Región Sanitaria V,4830-0708,Consejería Martes 10.30 a 12 hs.,,,,,,,
"Hospital Interzonal General de Agudos “Eva Perón""",,,Balbín ,900,,,San Martín,San Martín,Buenos Aires,Región Sanitaria V,4724-3000 al 4724-3010,,,,,,,,
"Unid. Sanit. Nº 6, Barrio Libertador",,,Pensamientos,5231,,,Barrio Libertador,San Martín,Buenos Aires,Región Sanitaria V,4513-5122,Consejería Miércoles 10 a 12 hs.,,,,,,,
Centro de Salud Nº 14 Barrio UTA,,,Bartolomé Mitre (calle 39),1253,,,Loma Hermosa,San Martín,Buenos Aires,Región Sanitaria V,4513 5120 / 4513 5124,,,,,,,,
Centro de Salud Nº 9 Billinghurst,,,1º Junta,5745,,,Billinghurst,San Martín,Buenos Aires,Región Sanitaria V,4512 7040,Consejería Miércoles 9 a 12 hs.,,,,,,,
Hospital Local Alexander Fleming,,,Av. Márquez ,,,9 de Julio,José León Suárez,San Martín,Buenos Aires,Región Sanitaria V,4580-1045/1050,Consejería Lunes A Viernes 8 a 12 hs. Viernes 19 a 21.30 hs.,,,,,,,
Centro Salud Nº 4 - Dr. Luis Agote,,,Diag. 55 J.V.González ,50,,,José León Suárez,San Martín,Buenos Aires,Región Sanitaria V,4580-1057/1056,Martes 10 a 12 hs.,,,,,,,
"Centro De Salud Nº10, V. Esperanza",,,Garibaldi ,1897,,,José León Suárez,San Martín,Buenos Aires,Región Sanitaria V,4580-1042,"Consejería: Lunes, Martes, Miércoles 8.30 a 14 hs.",,,,,,,
Unid. Sanit. Santa Ana,,,3 De Febrero,2590,,,San Andrés,San Martín,Buenos Aires,Región Sanitaria V,4512-6228,Consejería Lunes 10 a 11.30 hs.,,,,,,,
Hospital Diego Thompson,,,Avellaneda,33,,,San Martín,San Martín,Buenos Aires,Región Sanitaria V,4830-0687/0684,Consejería Consultorios 21 y 22 Lunes de 14 a 17 hs. y Jueves 9.30 a 12.30 hs.,,,,,,,
Centro De Salud Nº 12 V. Piaggio,,,Parravicini,740,,,Villa Piaggio,San Martín,Buenos Aires,Región Sanitaria V,4830 0710,,,,,,,,
Hospital Local Dr. Enrique Marengo,,,República ,10,,,Villa Ballester,San Martín,Buenos Aires,Región Sanitaria V,4847-5032/5038,Consejería: Martes 9 a 11 hs.,,,,,,,
Centro Salud Nº 3 V. Concepción,,,Independencia,876,,,Villa Concepción,San Martín,Buenos Aires,Región Sanitaria V,4830-0711 / 0723,Consejería: Martes 13 a 15 hs.,,,,,,,
Centro De Salud Nº 15,,,Iberá ,7456,,,Villa Lanzone,San Martín,Buenos Aires,Región Sanitaria V,4513-5121,Consejería: Martes y Jueves de 11 a 12 hs.,,,,,,,
Centro De Salud Nº 19,,,La Crujía ,5643,,,Villa Libertad,San Martín,Buenos Aires,Región Sanitaria V,4830-0310,Consejería Miércoles 9.30 a 13 hs.,,,,,,,
Centro de Salud Nº 13 ,,,Azcuénaga ,4061,,,Villa Lynch,San Martín,Buenos Aires,Región Sanitaria V,4830-0709,Consejería: Lunes de 9 a 11 hs. y Viernes 9 a 11 hs.,,,,,,,
Centro de Salud Nº17 (Barrio Necochea),,,Mitre (calle 33),,,Obligado,Villa Hidalgo,San Martín,Buenos Aires,Región Sanitaria V,4508-4090,Consejería: Lunes de 9 a 12 hs.,,,,,,,
Hospital Manuel Belgrano,,,Av. de los Constituyentes,3120,,,Villa Zagala,San Martín,Buenos Aires,Región Sanitaria V,4755-2228/3380,Consejería Jueves 9 a 12 hs.,,,,,,,
Centro de Salud Nº 16,,,Pasaje A ,,,e/ 66 Y 68,Villa Zagala,San Martín,Buenos Aires,Región Sanitaria V,4830-0690,Consejería: Miércoles 10 a 12 hs.,,,,,,,
Centro de Salud Nº 5  Dr. Ramón Carrillo,,,Ocampo Esq. Maipú,Alt. Ruta 8 Km. 18,,,Villa Zapiola,San Martín,Buenos Aires,Región Sanitaria V,4513-5126,,,,,,,,
Hospital Zonal “Zenón Videla Dorna”,,distribución y testeo,Villa Dorna,851,,,San Miguel del Monte,San Miguel del Monte,Buenos Aires,Región Sanitaria XI,,,,,,,,,
Hospital Zonal de Agudos “San Felipe”,,,Moreno,31,,,San Nicolás,San Nicolás,Buenos Aires,Región Sanitaria IV,(03461) 422897 / 422880 / 422054,,,,,,,,
Programa Municipal de Lucha contra el VIH-sida,,,,,,,San Nicolás,San Nicolás,Buenos Aires,Región Sanitaria IV,03461 - 5088 35 / 36,,,,,,,,
Hospital Municipal Subzonal San Pedro,,,25 De Mayo ,1901,,,San Pedro,San Pedro,Buenos Aires,Región Sanitaria IV,(03329)-425207 /4245555,,,,,,,,
Hospital Municipal Subzonal “General Dr. Ramón Carrillo”,,distribución y testeo,Matheu,,,Larrea,San Vicente,San Vicente,Buenos Aires,Región Sanitaria XI,,,,,,,,,
"Hospital Municipal “Ismael Ferrari""",,distribución y testeo,San Martín,275,,,Tordillo,Tordillo,Buenos Aires,Región Sanitaria XI,,,,,,,,,
Hospital de Tres Arroyos,,Testeo,Av. 1ra. Junta,400,,,Tres Arroyos,Tres Arroyos,Buenos Aires,Región Sanitaria I,(02983) 433160,,,,,,,,
Hospital Interzonal “Dr Ramón Carrillo”,,,Hipolito Irigoyen ,1051,,,Ciudadela,Tres de Febrero,Buenos Aires,,,,,,,,,,
Hospital Zonal Esp. de Agudos y Crónicos “Dr. Antonio Cetrángolo”,,,Italia ,1750,,,Vicente López,Vicente López,Buenos Aires,Región Sanitaria V,4791-2090/8663,,,,,,,,
Hospital Zonal Especializado Odontología y Ortodoncia “Dr. Juan Ubaldo Carrea”,,,Juan De Garay ,2478,,,Olivos,Vicente López,Buenos Aires,Región Sanitaria V,4799-7504,,,,,,,,
Centro Asistencial de Hilario Ascasubi,,Testeo,Ing. Urgoitti ,269,,,Villarino,Villarino,Buenos Aires,Región Sanitaria I,(02928) 491055,,,,,,,,
Instituto Municipal de Resolución Inmediata,,,Rodo,300,,Esq. Tupac Amaru,Wilde,Wilde,Buenos Aires,Región Sanitaria VI,,,,,,,,,
"Hospital Municipal de Avellaneda “Dr.
Eduardo Wilde”",,,Baradero,5808,,,Wilde,Wilde,Buenos Aires,Región Sanitaria VI,5227-7667/7624,,,,,,,,
Hospital Zonal General de Agudos “Vírgen del Carmen”,,,Pagola ,1502,,,Zárate,Zárate,Buenos Aires,Región Sanitaria V,(03487) 42-2300/3060,,,,,,,,
A.T.T.T.A,,Testeo,Callao,339,5º,,Congreso,,CABA,,5032-6335,"Lunes y Jueves de 16.30 a 20 hs.",www.atta.org.ar,,,,,,Sin turno y con 3 horas de ayuno solamente.
Ce.P.A.D - Ctera,,,Virrey Liniers,1043,,,,,CABA,,4957-6635 interno 105.,"""Lunes de 10 a 13 hs -
Miércoles de 9 a 12 hs.""",,prevencion@ctera.org.ar,,,,,"Gratuito, voluntario, confidencial, sin ayuno
y sin turnos."
Centro de Salud N° 13,,,Directorio ,4210,,,Parque Avellaneda,,CABA,,,,,,,,,,
Centro de Salud N° 38,,,Medrano,350,,,Almagro,,CABA,,4958-4783,"Martes de 8 a 9.30 y de 16.30 a 18 hs.
Miércoles de 8 a 9.30 hs.",,,,,,,
Centro de Salud Nº 15,,,Humberto 1º ,470,,,San Telmo,Monserrat,CABA,,,,,,,,,,
Centro de Salud Nº 18,,,,,,,,,CABA,,,,,,,,,,
Centro de Salud Nº 2,,,Terrada,5850,,,Villa Pueyrredón,,CABA,,,,,,,,,,
Centro de Salud Nº 20,,,Ana María Janer,,,Charrúa,Bajo Flores,Soldati,CABA,,,,,,,,,,
Centro de Salud Nº 21,,,5,,,10,Retiro,Retiro,CABA,,,,,,,,,,
Centro de Salud Nº 22,,,Guzmán ,90,,,Villa Crespo,,CABA,,,,,,,,,,
Centro de Salud Nº 24,,,Pasaje L,,,Pasaje L S/ Número e/ M. Castro y Laguna,Flores,,CABA,,,,,,,,,,
Centro de Salud Nº 33,,,Cordoba ,5741,,,Palermo,Colegiales,CABA,,5197 5078/9,"Horario: Lunes, Martes de 14 a 18.30, Jueves
de 16 a 18.30 hs.",,,,,,,
Centro de Salud Nº 35,,,Osvaldo Cruz,,,Zavaleta,Barracas,,CABA,,4301-8720,,,,,,,,
Centro de Salud Nº 39,,,24 de Noviembre,1679,,,,,CABA,,4911-3576,,,,,,,,
Centro de Salud Nº 40,,,Esteban Bonorino,1729,,,Bajo Flores,,CABA,,4631-4554,,,,,,,,
Centro de Salud Nº 41,,,Ministro Brin,842,,,,,CABA,,4361-8736,,,,,,,,
Centro de Salud Nº 5,,,Av Piedrabuena,3200,,,Villa Lugano,Mataderos,CABA,,,,,,,,,,
Centro de Salud Nº 7,,,2 De Abril de 1982,,,Montiel,Villa Lugano,Mataderos,CABA,,,,,,,,,,
Centro de Salud Nº 9,,,Irala ,1254,,,La Boca,Barracas,CABA,,,,,,,,,,
Consejo del Menor y la Familia,,Testeo,Paz Soldàn,5200,,,Paternal,,CABA,,4523-2326/27/28,,,,,,,,
Fundai,,Testeo,Uspallata,2272,,,Parque Patricios,,CABA,,4304-3332,Lunes a Viernes de 7 a 8:30 hs.,,,,,,,
Hospital A.Zubizarreta,HOSPITAL,Testeo,New York,3952,,,Villa Devoto,,CABA,,4501-0683,,,,,,,,
Hospital B.Rivadavia,HOSPITAL,Testeo,Avenida Las Heras,2670,,,Palermo,,CABA,,4809-2000,,,,,,,,
Hospital D.Vélez Sarfield  ,HOSPITAL,Testeo,Calderón de la Barca,1550,,,Liniers,,CABA,,4639-8700 al 05,,,,,,,,
Hospital Donación F. Santojanni,HOSPITAL,Testeo,Pilar,950,,,Mataderos,,CABA,,4630-5500,,,,,,,,
Hospital Dr. Juan P. Garrahan ,HOSPITAL,Testeo,Combate de Los Pozos,,,Brasil,Constitucion,,CABA,,4308-4300; Fax: 4308 – 5325,,,,,,,,
Hospital Dr.C.Argerich,HOSPITAL,Testeo,Pi,750,,Margal,La Boca,,CABA,,4362-5555 / 0420 / 5811,,,,,,,,
Hospital F.Muñiz,HOSPITAL,Testeo,Uspallata,2272,,,Parque Patricios,,CABA,,"4304-2180, Int. 222",,,,,,,,
Hospital General de Agudos “Dr. C. Durand”,,,Díaz Vélez,5044,,,Caballito,,CABA,,4982-5555/1050 Int 270,,,,,,,,
Hospital General de Agudos Dr. I. Pirovano,HOPITAL,Testeo,Monroe,3555,,,Belgrano,,CABA,,4542-5552,,,,,,,,
Hospital General de Agudos Dr.T.Alvarez,HOSPITAL,Testeo,J.F. Aranguren,2701,,,Flores,,CABA,,4611-6666 / 6409,,,,,,,,
Hospital J.A. Fernández,HOSPITAL,Testeo,Cerviño,3356,PB,,Palermo,,CABA,,4808-2626,,,,,,,,
Hospital J.A. Penna,HOSPITAL,Testeo,Pedro Chutro,3380,,,Parque Patricios,,CABA,,4911-5555/0517,,,,,,,,
Hospital Pedro de Elizalde,HOSPITAL,Testeo,Montes de Oca,40,,,Constitucion,,CABA,,4307-5842 / 5843 / 5844,,,,,,,,
Hospital Piñero  ,HOSPITAL,Testeo,Avenida Varela,1301,,,Flores,,CABA,,4634-3033,,,,,,,,
Hospital Ramos Mejia,HOSPITAL,Testeo,Urquiza ,609,,,Once,,CABA,,4931-5252,,,,,,,,
Hospital Ricardo Gutierrez,HOSPITAL,Testeo,Bustamante,1330,,,Palermo,,CABA,,4962-9212 / 9247 / 9248,,,,,,,,
Hospital Tornú        ,HOSPITAL,Testeo,Avenida Combatientes de Malvinas,3002,,,Chacarita-Paternal,,CABA,,4521-3600/8700/4485,,,,,,,,
Nexo (para población gay),,,Callao,339,5to Piso,,Centro,,CABA,,4374-4484/0-800-345-6396,De 16.30 a 20.30 hs.,,,,,,,
Hospital San Juan Bautista,HOSPITAL ,Testeo,Avenida Arturo Illia,200,,,Capital, ,CATAMARCA,,(0383) 437660/61,,,,,,,,Servicio de Infectologia Pediatrica
Hospital Avelino Castelan,HOSPITAL,Testeo,Juan B Justo ,1136,,,Resistencia,,CHACO,,,,,,,,,,
Hospital Perrando,HOSPITAL,Testeo,Avenida 9 de Julio,100,,,Resistencia,,CHACO,,(0362)422396/5944/,"Sin turno de Lunes a Viernes de 9 a 13 hs.",,,,,,,Consultorio de Diversidad Sexual.
Hospital Regional Comodoro Rivadavia,HOSPITAL,Testeo,H. Irigoyen ,950,,,Comodoro Rivadavia,,CHUBUT,,(0297)4471350/4442222,,,,,,,,
Sec.Des.Humano y Comunitario,SUBSECRETARIA DE SALUD,,Pellegrini,625,,,Comodoro Rivadavia,,CHUBUT,,(0297)4461151/4463494,,,,,,,,
Hospital Zonal Esquel,HOSPITAL,Testeo,25 de Mayo,110,,,Esquel,,CHUBUT,,(02945)450222,,,,,,,,
Hospital “Andrés Isola”,HOSPITAL,Testeo,Roberto Gomez,3383,,,Puerto Madryn,,CHUBUT,,(02965)451999,,,,,,,,
Hospital Subzonal Rawson “Santa Teresita”,HOSPITAL SUBZONAL,Testeo,Julio A Roca.,555,,,Rawson,,CHUBUT,,(02965)481819/1260,,,,,,,,
Hospital Zonal Trelew,HOSPITAL,Testeo,28 De Julio,440,,,Trelew,,CHUBUT,,(02965)421385/7542/7543,,,,,,,,
Hospital Rural Cholila,HOSPITAL,Testeo,Avenida Principal S/N,S/N,,,Cushamen,,CHUBUT,,(02945)498022,,,,,,,,
Hospital Rural El Hoyo,HOSPITAL,Testeo,Islas Malvinas ,S/N,,,El Hoyo,,CHUBUT,,(02944)471500,,,,,,,,
Hospital Subzonal El Maitén,HOSPITAL,Testeo,Patagonia,615,,,El Maiten,,CHUBUT,,(02945)495187,,,,,,,,
Hospital Rural Corcovado,HOSPITAL,Testeo,P. Moreno,S/N,,,Futaleufu,,CHUBUT,,(02945)494040,,,,,,,,
Hospital Rural Gaiman,HOSPITAL,Testeo,Gobernador E. Tello,1200,,,Gaiman,,CHUBUT,,(02965)491002.,,,,,,,,
Hospital Rural Dolavon,HOSPITAL,Testeo,Raul B. Diaz,275,,,Gaiman,,CHUBUT,,(02965)492023,,,,,,,,
Hospital Rural Lago Puelo,HOSPITAL,Testeo,Av. Islas Malvinas,,,,Lago Puelo,,CHUBUT,,499041,,,,,,,,
Hospital Rural Tecka,HOSPITAL,Testeo,M.Moreno,,,,Languiñeo,,CHUBUT,,493040,,,,,,,,
Hospital Rural Rio Senguer,HOSPITAL,Testeo,S.Juan Bosco,S/N,,,Rio Senguer,,CHUBUT,,(02945)497008/7070,,,,,,,,
Hospital Rural Rio Mayo,HOSPITAL,Testeo,Sarmiento,637,,,Rio Senguer,,CHUBUT,,(02903)420022,,,,,,,,
Hopital Rural Sarmiento,HOSPITAL,Testeo,Ing. Coronel Roca,S/N,,,Sarmiento,,CHUBUT,,(0297)3022/8199,,,,,,,,
Hospital Rural Trevelin,HOSPITAL,Testeo,Sarmiento,S/N,,,Trevelin,,CHUBUT,,480118,,,,,,,,
Hospital Dr. J.A. Ceballos,HOSPITAL,Testeo,Jerònimo del Barco,1300,,,Bell Ville,,CORDOBA,,(0353)421002,,,,,,,,
Hospital Rawson,HOSPITAL,Testeo,Bajada Pucarà,2029,,,Capital,,CORDOBA,, (0351)4348755/56,,,,,,,,
Aces          ,,,J.B. Justo,1243,,,Jesus Maria,,CORDOBA,,(03525)420407,,,,,,,,
Centro Municipal de Salud,,,Kennedy,S/N,,,Rio Ceballos,,CORDOBA,,(03543)451087,,,,,,,,
Hospital San antonio de Papua,HOSPITAL NUEVO,Testeo,Guardias Nacionales Esq. Rosario de Santa Fè,,,,Rio Cuarto,,CORDOBA,,(0358)4678700,,,,,,,,
Centro Asistencial Bº Sarmiento Nº 4,,,Rio Bermejo,S/N,,,Rio Tercero,,CORDOBA,,(03571)439262,,,,,,,,Centro de Integraciòn  Comunitaria
Centro Asistencial Bº Escuela Nº 1,,,Diego de Rojas Esq. Leopoldo Lugones,,,,Rio Tercero,,CORDOBA,,(03571)439271,,,,,,,,
Centro Asistencial Bº Belgrano Nº 11,,,Guillermo Marconi,1170,,,Rio Tercero ,,CORDOBA,,(03571)439271,,,,,,,,
Hospital Josefina Prieur,HOSPITAL,Testeo,Balbin,77,,,Villa Allende,,CORDOBA,,(03543)439290,,,,,,,,
Dispensario Municipal,,,Corrientes,61,,,Villa Gnal Belgrano,,CORDOBA,,(03546)461308,,,,,,,,
Hospital Ceprocor,HOSPITAL,Testeo,Arenales ,230,,,Capital,,CORDOBA,,(0351)4332401,,,,,,,,
Hospital Materno Neonatal,HOSPITAL,Testeo,Avenida Cardeñosa,2900,,,Capital,,CORDOBA,,(0351)4348357,,,,,,,,
Hospital de Niños,HOSPITAL,Testeo,Corrientes,643,,,Capital,,CORDOBA,,(0351)4342425,,,,,,,,
Hospital Privado,HOSPITAL,Testeo,Naciones Unidas ,346,,,Capital,,CORDOBA,,(0351)4688297,,,,,,,,
Hospital Materno Provincial,HOSPITAL,Testeo,Pasaje Caenro,1250,,,Capital,,CORDOBA,,(0351)4348767,,,,,,,,
Hospital Nacional de Clinicas,HOSPITAL,Testeo,Santa Rosa ,1564,,,Capital,,CORDOBA,,(0351)4337051,,,,,,,,
Divisiòn de Virologia,,Testeo,Transito Caseres de Allende,421,,,Capital,,CORDOBA,,(0351)4342453,,,,,,,,
Hospital Iturraspe,HOSPITAL,Testeo,Dr. Domingo Cullien,450,,,San Francisco,,CORDOBA,,(03564)421575,,,,,,,,
Laboratorio Central,,Testeo,Placido Martinez,1044,,,Capital,,CORRIENTES,,(0379)474632,,,,,,,,
Hospital Pediátrico,HOSPITAL,Testeo,,,,,Capital,,CORRIENTES,,475300/306,,,,,,,,
Hospital Vidal,HOSPITAL,Testeo,Jose R. Vidal,2020,,,Capital,,CORRIENTES,,428453/421225,,,,,,,,
Hospital Llano,HOSPITAL,Testeo,Ayacucho,3298,,,Capital,,CORRIENTES,,420274/421345,,,,,,,,
Hospital Escuela,HOSPITAL,Testeo    ,Rivadavia,1250,,,Capital,,CORRIENTES,,430113/420696/421361,,,,,,,,
Hospital El Salvador,HOSPITAL,Testeo,Montevideo e/Sucre y Libertad,S/N,,,Bella Vista,,CORRIENTES,,(03777)451063/926,,,,,,,,
Hospital San Vicente de Paul,HOSPITAL,Testeo,Alberdi,S/N,,,Caa Cati,,CORRIENTES,,(03781)420117,,,,,,,,
Hosp.Dr. J.R. Vidal Beron de Astrada,HOSPITAL,Testeo,Necochea ,1050,,,Capital,,CORRIENTES,,(03781)420050,,,,,,,,
Hospital Fernando Irastorza,HOSPITAL,Testeo,Beròn de Astrada,1302,,,Curuzù Cuatià,,CORRIENTES,,(03774)422732  fax,,,,,,,,
Municipalidad de Perugorria,,,Colon y Lavalle,,,,Curuzù Cuatià,,CORRIENTES,,(03773)494081 ,,,,,,,,Comisaria
Hospital Jaime Dávila,HOSPITAL,Testeo,Mendoza ,S/N,,,Empedrado,,CORRIENTES,,491285   fax,,,,,,,,
Hospital San Roque,HOSPITAL,Testeo,Avenida Argentina y Moreno,S/N,,,Esquina,,CORRIENTES,,(03777)422732 fax 460116,,,,,,,,
Hospital Camilo Muniagurria,HOSPITAL,Testeo,,,,,Goya,,CORRIENTES,,(03777)422291,,,,,,,,
Hospital Zonal Goya,HOSPITAL,Testeo,Avenida Mazzanti,550,,,Goya,,CORRIENTES,,(03777)422283/422291,,,,,,,,
Hospital Miguel Sussini,HOSPITAL,Testeo,Avenida Lavalle ,939,,Gnal Virasoro,Santo Tome,,CORRIENTES,,(03756)481225/481197,,,,,,,,
Hospital Dr. Miguel Sussini,HOSPITAL,Testeo,Belgrano,1248,,,Gnal. Alvear,,CORRIENTES,,(03772)470011,,,,,,,,
Hospital Inmaculada Concepcion,HOSPITAL,Testeo,Avenida San Martin ,S/N,,,Ita Ibate,,CORRIENTES,,(03782)497000,,,,,,,,
Hospital A.J. Garcia,HOSPITAL,Testeo    ,Benigno Garay ,S/N,,,Itati,,CORRIENTES,,(03783)493323/493387,,,,,,,,
Hospital de Colonia Liebigs,HOSPITAL,Testeo,Almirante Brown,S/N,,,Ituzaingo,,CORRIENTES,,(03758)422089,,,,,,,,
Hospital Ricardo Billingurts,HOSPITAL,Testeo,Corrientes y Apipe,S/N,,,Ituzaingo,,CORRIENTES,,(03786)420105  fax,,,,,,,,
Hospital San Antonio de Padua,HOSPITAL,Testeo,San Martin-Union,S/N,,,La cruz,,CORRIENTES,,(O3772)491922,,,,,,,,
Hospital San Antonio de Papua,HOSPITAL ,Testeo,San Antonio ,450,,,Mburucuya,,CORRIENTES,,(03782)498087  fax,,,,,,,,
Hospital Las Mercedes,HOSPITAL,Testeo,Gobernador Virasoro,1040,,,Mercedes,,CORRIENTES,,(03773)420031 fax,,,,,,,,
Hospital Felipe Yofre,HOSPITAL,Testeo,Sargento Cabral ,S/N,,,Mercedes,,CORRIENTES,,(03773)492021  fax,,,,,,,,
Hospital de Mocoretà,HOSPITAL,Testeo,Buenos Aires,164,,,Mocoretà,,CORRIENTES,,(03775)498148,,,,,,,,
Hospital Samuel W. Robinson,HOSPITAL,Testeo,Bartolome Mitre ,657,,,Monte Caseros,,CORRIENTES,,(03775)422230  fax,,,,,,,,
Hospital Cicconeti de Paso de la Patria,HOSPITAL,Teseo,Mendoza ,555,,San Cosme,Paso de la Patria,,CORRIENTES,,(03783)494385,,,,,,,,
Hospital San José,HOSPITAL,Testeo,Esteban Alisio,650,,,Paso de los Libres,,CORRIENTES,,(03772)424000  fax,,,,,,,,
Hospital Maria Auxiliadora,HOSPITAL,Testeo,J. R. Vidal,S/N,,,Saladas,,CORRIENTES,,(03782)421082  fax,,,,,,,,
Hospital Julio C. Rivero,HOSPITAL,Testeo,Julio C. Rivero ,S/N,,,San Cosme,,CORRIENTES,,(03783)496034/421393,,,,,,,,
Hospital San Luis Rey,HOSPITAL,Testeo,,,,,San Luis del Palmar,,CORRIENTES,,(03783)492023,,,,,,,,
Hospital J. R. Vidal,HOSPITAL,Testeo,Avenida Libertador,S/N,,,San Miguel,,CORRIENTES,,(03781)483031,,,,,,,,
Hospital San Roque,HOSPITAL,Testeo,Daniel Artaza,812,,,San Roque,,CORRIENTES,,(03777)478004,,,,,,,,
Puesto Sanitario Maria Auxiliadora,,,Gnal Paz e/Bella Vista y Progreso,,,,Santa Ana-San Cosme,,CORRIENTES,,(03777)497066,,,,,,,,
Hospital J. P. Romero,HOSPITAL,Testeo,Santa Lucia- Lavalle,,,,Santa Lucia-Lavalle,,CORRIENTES,,(03777)480220  fax,,,,,,,,
Hospital Santa Rosa,HOSPITAL,Testeo,Ruta Provincial 11 ,S/N,,,Santa Rosa,,CORRIENTES,,(03782)494016,,,,,,,,
Hospital San Juan Bautista,HOSPITAL,Testeo,Patricio Bertrán ,451,,,Santo Tome,,CORRIENTES,,(03756)420282  fax,,,,,,,,
Hospital Santa Rosa,HOSPITAL,Testeo,Rosa Wetzel,S/N,,,Sauce,,CORRIENTES,,(03774)480019,,,,,,,,
Hospital Justo J. de Urquiza,HOSPITAL,Testeo,Uncal,S/N,,,Concepción del Uruguay,Uruguay,ENTRE RIOS,,(03442)443900,,,,,,,,
Hospital Felipe Heras,HOSPITAL,Testeo,Entre Ríos,135,,,Concordia,Concordia,ENTRE RIOS,,(0345)4212580,,,,,,,,
Hospital Centenario ,HOSPITAL,Testeo,25 de Mayo,,,Pasteur,Gualeguaychú,Gualeguaychú,ENTRE RIOS,,(03446)4278316,,,,,,,,
Cruz Roja Filial Concordia,,Testeo,Entre Rios,238,,,Concordia,Concordia,ENTRE RIOS,,(0345)4213340,,,concordia@cruzroja.org.ar,,,,,
Laboratorio Central de Epidemiologia,,Testeo,Santa Fe ,250,,,Paraná,Paraná,ENTRE RIOS,,,,,,,,,,
Hospital San Martin,HOSPITAL,Testeo,Peron,400,,,Paraná,Paraná,ENTRE RIOS ,,(0343)4234545,,,,,,,,
"Laboratorio Epidemiologìa ""Gota de leche""",,,J. M . Uriburu,600,, ,Capital,Formosa,FORMOSA,,,,,,,,,,
Hospital de la Madre y el niño,HOSPITAL,Testeo,Cordoba y Paraguay Bº Don Bosco,,,,Capital,Formosa,FORMOSA,,(0370)428565,,,,,,,,
Hospital Central,HOSPITAL,Testeo,Salta,545,,,Capital,Formosa,FORMOSA,,(0370)426021,,,,,,,,
Centro de Salud Luis Maria Codda,,,"Corrientes y 5ta.Proyectada, Bº Liborsi",,,,Capital,Formosa,FORMOSA,,,Las 24 hs,,,,,,,
Centro de Salud Eva Peron,,,MZ 59-Solar B,,,,Capital,Formosa,FORMOSA,,,7 a 19 hs,,,,,,,
Centro de salud Antenor Gauna,,,Manzana 36 Al lado de la Escuela nº 516,S/N,,,Capital,Formosa,FORMOSA,,,8 a 19 hs,,,,,,,
Hospital de Alta complejidad Pte. Peron,HOSPITAL,Testeo,Avenida de Las Americas y Pantaleòn Gomez,,,,Capital,Formosa,FORMOSA,,,,,,,,,,
Centro de Salud 2 de abril,,,Avenida Italia y Trinidad González,,,,2 de Abril,Formosa,FORMOSA,,,7 a 19 hs,,,,,,,
Hospital Dr. Cruz Felipe Arnedo,HOSPITAL,Testeo,Avenida San Martin Esq. Los Andes,,,,Clorinda,Pilcomayo,FORMOSA,,(03718)422800/8,Las 24 hs.,,,,,,,
CAPS 1º de Mayo,,,Barrio 1º de Mayo,,,,Clorinda,Pilcomayo,FORMOSA,,(03718)428918,7 a 19 hs,,,,,,,
Hospital Laguna Blanca,HOSPITAL,Testeo,Aldo Bollini,,,frente Complejo de Educaciòn Nivel Medio Nº1,Laguna Blanca,Pilcomayo  ,FORMOSA,,(03718)470020,7 a 19 hs,,,,,,,
Hospital Ibarreta,HOSPITAL,Testeo,Mariano Moreno ,115,,,Ibarreta,Patiño,FORMOSA,,(03716)432140,8 a 19 hs,,,,,,,
Hospital Las Lomitas,HOSPITAL,Testeo,Avenida Entre Rios,,,y Pasaje Saavedra e/Belgrano y Saavedra,Las Lomitas,Patiño,FORMOSA,, , Las 24 hs,,,,,,,
Hospital Pozo del Tigre,HOSPITAL,Testeo,Avenida Comando L.J.Fontana,,,y Pasaje Saavedra e/Belgrano y Saavedra,Pozo del Tigre,Patiño,FORMOSA,,(03715)493153,7 a 19 hs,,,,,,,
Hospital Estanislao del Campo,HOSPITAL,Testeo,Dr. Laureano Maradona,,,detrás de Capilla San Roque,Estanislao del Campo,Patiño,FORMOSA,,(03716)493050,8 a 12  y 16 a 19 hs,,,,,,,
Hospital Comandante Luis J.Fontana,HOSPITAL,Testeo,Marcelo de Rojas ,730,,,Comandante  Fontana,Patiño,FORMOSA,,,7 a 19 hs,,,,,,,
Hospital San Martin 2,HOSPITAL,Testeo,Hipólito Yrigoyen,S/N,,a 100 m Esc. Especial 10,Posta San Martin 2,Patiño,FORMOSA,,,7 a 19 hs,,,,,,,
Hospital Villa General Güemes,HOSPITAL,Testeo,Misiones,,,Av J.Domingo Perón. (Atrás Col Pro Medio),Villa General Güemes,Patiño,FORMOSA,,(03716)492032,7 a 19 hs,,,,,,,
Hospital de Ingeniero Juárez,HOSPITAL,Testeo,Avenida Degen,,, y Fernando Anaquin e/Salta y Mendoza,Ingeniero Guillermo Juárez,Matacos,FORMOSA,,(03711)420337,Las 24 hs.,,,,,,,
Hospital El Potrillo,HOSPITAL,Testeo,Ppal,S/N,,,El Potrillo,Ramon Lista,FORMOSA,,(03711)420189,7 a 19 hs,,,,,,,
Hospital Laguna Yema,HOSPITAL,Testeo,Ruta Nacional 81,,,A 200 m Escuela Nº45,Laguna Yema,Bermejo,FORMOSA,,,7 a 13 hs,,,,,,,
Hospital Dr.Justo Pastor Mongelos,HOSPITAL,Testeo    ,Fontana,,,y Almirante Brown. Barrio Hospital,Villafañe,Pirané,FORMOSA,,(03717)490991/107,7 a 19 hs,,,,,,,
Hospital Colorado ,HOSPITAL, Testeo ,Santa Fe,273,,e/San Juan y Av. Larrañde,Colorado,Pirané,FORMOSA,,,6 a 12 y 16 a 20 hs,,,,,,,
Hospital Pirané,HOSPITAL,Testeo,Sarmiento,685,,e/Gral Paz y San Lorenzo,,Pirané,FORMOSA,,,Las 24 hs.,,,,,,,
Hospital Palo Santo,HOSPITAL,Testeo,Avenida 2 de Abril ,,,"e/ Av Vidal y Misiones, a 1 cuadra de la Municipalidad",Palo Santo,Pirané,FORMOSA,,,7 a 19 hs,,,,,,,
Hospital Pablo Soria,HOSPITAL,Testeo,Guemes,1345,,,,Capital,JUJUY,,(0388)4221263,,,,,,,,
Hospital San Roque,HOSPITAL,Testeo    ,San Martin ,330,,,,Capital,JUJUY,,(0388)4221302,"También en horario nocturno:
Consultorio Nocturno de Consejería y
Detección del VIH. Martes y Jueves de 21 a 22.30 hs",,,,,,,Consultorio Nocturno de consejeria y detecciòn del VIH
Hopital Nuestra Sra Del Carmen,HOSPITAL, Testeo ,Mitre,S/N,,"-24.3853438,-65.2628411",,El carmen,JUJUY,,(0388)4933106,,,,,,,,
Hospital Escolástico Zegada,HOSPITAL,Testeo,Senador Perez,s/n,,,,Fraile Pintado,JUJUY,,(03886)480041,,,,,,,,
Hospital Monterrico,HOSPITAL,Testeo,Manzana 106,,,Bº El Progreso,,Monterrico,JUJUY,,,,,,,,,,
Hospital Wenceslao Gallardo,HOSPITAL,Testeo,Avenida Río De La Plata,4612,,,,Palpalá,JUJUY,,(0388)4270523,,,,,,,,
Hospital Arturo Zabala,HOSPITAL,Testeo,L.N. Alem ,S/N,,,,Perico,JUJUY,,(0388)4911200,,,,,,,,
Hospital Lab. Central ,HOSPITAL,Testeo,Alberdi,219,,,,Capital,JUJUY,,(0388)4221308,,,,,,,,
Hospital Sequeiros,HOSPITAL,Testeo,Ecuador ,53,,,,Capital,JUJUY,,(0388)4221254,,,,,,,,
Hospital Quintana,HOSPITAL,Testeo,Irigoyen,596,,,,Capital,JUJUY,,(0388)4221288,,,,,,,,
Hospital J. Uro,HOSPITAL,Testeo,Patricias Argentinas,185,,,,La Quiaca,JUJUY,,(03885)423186,,,,,,,,
Hospital Orias,HOSPITAL,Testeo,Avenida R. Keyner,891,,,,Libertador,JUJUY,,(03886)21124,,,,,,,,
Hospital Paterson,HOSPITAL,Testeo,P. Argentina,S/N,,,,San Pedro,JUJUY,,(03884)420589,,,,,,,,
"Hospital ""Gobernador Centeno""",HOSPITAL ,Testeo,17,,,e/108 y 116,,Gal. Pico ,LA PAMPA,,(02302)436148   ,1º martes de c/mes 15 a 16 hs.,,,,,,,
Centro de Salud Barrio Aeropuerto,,Testeo,Castro,,,y Carlos Gardel,,Santa Rosa,LA PAMPA,,(02954)434566,Martes 10 a 14 hs,,,,,,,
Hospital Evita,HOSPITAL,Testeo,H. Del Carril,,,y Ferrando,,Santa Rosa,LA PAMPA,,(02954)437481,Miercoles 11 a 13 hs,,,,,,,
Centro Sanitario,,Testeo,Cnel. Gil,751,,,,Santa Rosa,LA PAMPA,,(02954)453330/01,Lunes 8 a 19  y Miercoles 12 a 13 h,,,,,,,
Hospital Lucio Molas,HOSPITAL,Testeo,Raúl B. Díaz,S/N,,,,Santa Rosa ,LA PAMPA,,(02954)455000,"Martes 18 a19, Jueves 13 a 14 hs",,,,,,,
Hospital de Toay,HOSPITAL,Testeo,San Luis,1150,,,,Toay,LA PAMPA,,(02954)492005,1º miercoles de C/mes 15 a 16 hs,,,,,,,
"CEDITET (Centro Centro de Diagnóstico y Tratamiento de
Enfermedades Transmisibles)",Diagnostico y Tratamiento,Testeo,Pelagio B. Luna,868,,,,Capital,LA RIOJA,,,Lun a Vie de 7.30 a 16 hs.,,,,,,,
C.P.S. Puerta de La Quebrada,Centro Primario de Salud,,,,,,,Capital,LA RIOJA,,,,,,,,,,
"Hospital ""Dr. Vera Barros""",HOSPITAL,Testeo,Olta,,,y 26 de Setiembre,,Capital,LA RIOJA,,"453552/3,428563,427814",,,,,,,,
Hospital Distrital Guandacol,HOSPITAL,Testeo,San Martin ,S/N,,,,Guandacol,LA RIOJA,,(03825)492060,,,,,,,,
Hospital Distrital Patquia,HOSPITAL,Testeo,9 de Julio ,S/N,,,,Patquia,LA RIOJA,,(03822)491800,,,,,,,,
Hospital Distrital Pituil,HOSPITAL ,Testeo,Santo Domingo ,S/N,,,,Pituil,LA RIOJA,,(03825)484060,,,,,,,,
Hospital Zonal Villa Union,HOSPITAL,Testeo,Arenales ,S/N,,,,Villa Union,LA RIOJA,,(03825)479207,,,,,,,,
Hospital San Nicolas,HOSPITAL,Testeo,Casimiro Godoy,S/N,,,,Aimogasta,LA RIOJA,,(03827)429004,,,,,,,,
Ex.Hospital Pte. Plaza,HOSPITAL,Testeo,Pelagio B. Luna,336,,,,Capital,LA RIOJA,,(03822)426345,,,,,,,,
Hospital E. M. Motta,HOSPITAL,Testeo,Alberto Gregorio Cavero,500,,,,Chilecito,LA RIOJA,,(03825)423895,,,,,,,,
Hospital E. Neira,HOSPITAL,Testeo,Arenales ,S/N,,,,Villa Union,LA RIOJA,,(03825)429105,,,,,,,,
Centro de Salud Nº 138 El Ceibo,,,Calle C,,,e/ 13 y 16,Bowen,Gnal. Alvear,MENDOZA,,(02625)15419412,,,,,,,,
Centro de Salud Nº 121 Bowen,,,General Alvear,,,y Pedro Pascual Segura,Bowen,Gnal Alvear,MENDOZA,,(02625)480019,,,,,,,,
Centro de Salud Nº 122 Carmensa,,,Arduino de Devoto,S/N,,,Carmensa,Gnal. Alvear,MENDOZA,,(02625)493008,,,,,,,,
Centro de Salud Nº 91 Colonia Las Rosas,,,Tabanera,S/N,,,Colonia Las Rosas,Tunuyan,MENDOZA,,,,,,,,,,
Centro de Salud Nº 94 Algarrobo,,,El Alamo,S/N,,,Cordon del Plata,Tupungato,MENDOZA,,,,,,,,,,
Centro de Salud Nº 66 El Mirador,,,San Juan ,S/N,,,,El Mirador,MENDOZA,,,,,,,,,,
Centro de Salud Nº 95 El Zampal,,,Iriarte ,S/N,,,El Zampal,Tupungato,MENDOZA,,,,,,,,,,
Centro de Salud Nº 30,,,Colon,339,,y Lavalle,,Godoy Cruz ,MENDOZA,,(0261)4220001,,,,,,,,
Centro de Salud Nº 188 La Escandinava,,,Granaderos de San Martin,,,y Bolivia,Gnal.Belgrano,Guaymallen,MENDOZA,,(O261)4262151,,,,,,,,
Centro de Salud Nº 14 Pedro Molina,,,Granaderos de San Martin,,,y Bolivia,Gnal.Belgrano,Guaymallen,MENDOZA,,(0261)4262151,,,,,,,,
Centro de Salud Nº 15 Ejército de los Andes,,,Cipolletti,750,,,Dorrego,Guaymallen,MENDOZA,,(0261)4311918,,,,,,,,
Centro de Salud Nº 62,,,Salvador González,,,e Isaac Estrella,,Junin,MENDOZA,,(02623)492244/492300,,,,,,,,
Centro de Salud Nº 198 Fermin Carrizo,,,Iriarte ,S/N,,,La Arboleda,Tupungato,MENDOZA,,,,,,,,,,
Centro de Salud Nº 101,,,Ejército de Los Andes,588,,,La Consulta,San  Carlos,MENDOZA,,(02622)470001,,,,,,,,
Centro de Salud Nº 73,,,9 de Julio ,76,,,Las Catitas,Santa Rosa,MENDOZA,,(02623)495263,,,,,,,,
Centro de Salud Nº 31 David Busana,,,Federico Serpa,,,y Repubica del Libano,,Lujan de Cuyo,MENDOZA,,(0261)4980709/4984309,,,,,,,,
Centro de Salud Nº 2 San Antonio,,,Videla Castillo,2944,,,4ta Seccion,,MENDOZA,,(0261)4306890/4376147,,,,,,,,
Centro de Medicina Preventiva Coni,,,Godoy Cruz,,,esq. España,,,MENDOZA,,(0261)4251114/4201662,,,,,,,,
Centro de Salud Nº 76 Dr. Angel Pérsico,,,Soberania Nacional ,S/N,,,Palmira,San Martin,MENDOZA,,(02623)461060,,,,,,,,
Centro de Salud Nº 17 Carlos Evans,,,Cornelio Moyano,,,y Catamarca,Panquehua,Las Heras,MENDOZA,,(0261)4487662,,,,,,,,
Centro de Salud Nº 5 Pascual Lauriente,,,Bandera de Los Andes,6280,,,Rodeo de la Cruz,Guaymallen,MENDOZA,,(0261)4910332,,,,,,,,
Centro de Salud Nº 92 San José,,,La Gloria 1768,1768,,,San José,Tupungato,MENDOZA,,,,,,,,,,
Centro de Salud Nº 171 Barrio Urquiza,,,San Lorenzo ,S/N,,,,Tunuyan,MENDOZA,,,,,,,,,,
Centro de Salud Nº 39 Ugarteche,,,Bº Cuadro Estacion,,,,Ugarteche,Lujan de Cuyo,MENDOZA,,(0261)155000990,,,,,,,,
Centro de Salud Nº 16 Villa Nueva,,,Alpatacal y Chile,,,,Villa Nueva,Guaymallen,MENDOZA,,(0261)4261018,,,,,,,,
Centro de Salud Nº 98 Dr.Juan J.Delgado,,,25 de Mayo,630,,,Vista Flores,Tunuyan,MENDOZA,,,,,,,,,,
Hospital Metraux,HOSPITAL,Testeo,España ,162,,,Fray Luis Beltran,Maipu,MENDOZA,,(0261)4921000/4921704,,,,,,,,
Hospital J. Lencinas,HOSPITAL,Testeo,Talcahuano,S/N,,,,Godoy Cruz ,MENDOZA,,(0261)272600/4272773,,,,,,,,
Hospital Enfermeros Argentinos,HOSPITAL,Testeo,Emilio Civit,S/N,,,,Gnal. Alvear,MENDOZA,,(02625)422165/422333,,,,,,,,
Hospital Pediatrico H.Notti,HOSPITAL,Testeo,Bandera de Los Andes,2600,,,,Guaymallen,MENDOZA,,(O261)4132500,,,,,,,,
Hospital Aturo Illia,HOSPITAL,Testeo,Gral Paz,2371,,e/Bella Vista y Progreso,,La Paz,MENDOZA,,(02626)421022/421079,,,,,,,,
Hospital Diego Paroissien,HOSPITAL,Testeo,Goddoy Cruz,461,,,,Maipu,MENDOZA,,(0261)4972833/4972288,,,,,,,,
Hospital Regional de Malargüe,HOSPITAL,Testeo,Avenida Gnal. Roca y Aldao,,,,,Malargüe,MENDOZA,,(02627)471048,,,,,,,,
Hospital Central,HOSPITAL,Testeo,Alem Esquina Salta,,,,,Mendoza,MENDOZA,,(0261)4490500/4490556,,,,,,,,
Hospital L. Lagomaggiore,HOSPITAL,Testeo,Timoteo Gordillo,S/N,,,,Mendoza,MENDOZA,,(0261)4259700/4259703,,,,,,,,
Hospital Saporiti,HOSPITAL,Testeo,La Madrid ,629,,,,Rivadavia,MENDOZA,,(02623)442253/442150,,,,,,,,
Hospital Tagarelli,HOSPITAL,Testeo,Las Heras,,,y B. Quiroga,,San Carlos,MENDOZA,,(02622)451166/451111,,,,,,,,
Hospital Perrupato,HOSPITAL ,Testeo,Canal Costa Montecaseros,,,y Ruta Nacional 50,,San Martín,MENDOZA,,(02623)422195/425465,,,,,,,,
Hospital Eva Peron,HOSPITAL,Testeo,Calle Republica ,S/N,,,,San Rafael,MENDOZA,,(02627)495007,,,,,,,,
Hospital T.J. Schestakow,HOSPITAL,Testeo,Cdte. Torres,150,,,,San Rafael,MENDOZA,,(02627)422580/424291,,,,,,,,
Hospital Santa Rosa,HOSPITAL,Testeo,Julio A Roca,239,,,,Santa Rosa ,MENDOZA,,(02623)497028,,,,,,,,
Hospital Scaravelli,HOSPITAL,Testeo,Uruguay,,,y Martín de Güemes,,Tunuyan,MENDOZA,,(02622)422324/422329,,,,,,,,
Hospital Gnal. Las Heras,HOSPITAL ,Testeo,Las Heras,,,y Monseñor Fernández,,Tupungato,MENDOZA,,(02622)488293,,,,,,,,
Hospital Chrabalowki,HOSPITAL,Testeo,Tupungato,,,y Aconcagua,Uspallata,Las Heras,MENDOZA,,(02624)420027,,,,,,,,
Hospital Sicoli,HOSPITAL,Testeo,Belgrano,415,,,Villa Tulumaya,Lavalle,MENDOZA,,(0261)4941049,,,,,,,,
Centro Médico Municipal,,Testeo,Libertad,720,,Detrás de la Municipalidad de Guaymallén.,Villa Nueva,Guaymallen,MENDOZA,,,Lunes a Viernes de 8 a 13 hs,    ,,,,,,"A cargo de Viviana Vasquez, Retira analisis hasta las 13 hs"
Micro Hospital Puente de Hierro,HOSPITAL,Testeo,Silvano Rodríguez,,,y Carlos Gardel,Puente de Hierro,Guaymallen,MENDOZA,,,8 a 13 hs.,,,,,,,A cargo de Juan Pablo Diaz.
Prog. Prov. SIDA- ETS,,,Salta,1833,,,,Posadas,MISIONES,,(03764)597806/07,,,prosida7752@yahoo.com.ar,,,,,Jefe de Prog. Dra. Lila Rovira
Cruz Roja Filial Posadas,,,San Martin ,2231,,,,Posadas,MISIONES,,(03752)448621,,,posadas@cruzroja.org.ar,,,,,
Ministerio de Salud Pública,,,Junín,2174,,,,Posadas,MISIONES,,,Lunes a Viernes de 6.30 a 19 hs,,,,,,,
"Centro Estudiantes Facultad Ciencias Exactas, Química y Naturales",,,Felix De Azara,1552,,,,Posadas,MISIONES,,,Lunes a Viernes de  8 a 20 hs,,,,,,,
Módulo de Farmacia y Bioquímica,,,Mariano Moreno,,,y Lopez Torres,,Posadas,MISIONES,,,Lunes a Viernes de  8 a 20 hs,,,,,,,
"Escuela Nocturna Nº1474 ""Juana Azurduy""",,,Garupá,Manzana 1 Finca 1546,,,,Villa Longa,MISIONES,,,Lunes a Jueves de 18 a 20 hs,,,,,,,
Centro Educativo Polimodal Nº 6,,,Barrio Nueva Fatima Garupá,,,,,Posadas,MISIONES,,,7.30 a 17 hs,,,,,,,
"Comedor ""La Vaquita"",ex obrador Caritas",,,Bº A-4 Etapa 7 Manzana 187,,,,,Posadas,MISIONES,,,14 a 20 hs, ,,,,,,
Centro Estudiantes Facultad.,"Humanidades,Cs.sociales",,Tucuman ,1945,,,,Posadas,MISIONES,,,Lunes a Viernes 17 a 22 hs,,,,,,,
"Secretaria Estudiantil ""Albergues""",,,Sarmiento,43,,,,Posadas,MISIONES,,,Lunes a viernes 7 a 12  y 15 a 19 hs,,,,,,,
Hospital Castro Rendón,HOSPITAL ,Testeo,Buenos Aires,425,,,,Capital,NEUQUÉN,,(0299)4437727/24831,,,,,,,,
Hospital Horacio Heller,HOSPITAL,Testeo,Godoy ,,,y Lihuèn,,Capital ,NEUQUÉN,,(0299)4490700/9,,,,,,,,
Hospital Bouquet Roldán,HOSPITAL,Testeo,Lastra,1555,,,,Capital ,NEUQUÉN,,(0299)4425105/31328,,,,,,,,
Hospital Cutral Có,HOSPITAL,Testeo,Saenz Peña,,,y Alberdi,,Cutral Có,NEUQUÉN,,(0299)4961608,,,,,,,,
Hospital Aluminé,HOSPITAL,Testeo,Lescano,,,y 4º de Caballeria,,Aluminé,NEUQUÉN,,(02942)496150,,,,,,,,
Hospital Andacollo,HOSPITAL,Testeo,Nahueve,,,y Huinganco,,Andacollo,NEUQUÉN,,(02948)494021,,,,,,,,
Hospital B. del Agrio,HOSPITAL,Testeo,25 de Mayo,S/n,,,,B. del Agrio,NEUQUÉN,,,,,,,,,,
Hospital Buta Ranquil,HOSPITAL,Testeo,Avenida Jadul,S/N,,,,Buta Ranquil,NEUQUÉN,,(02948)493000,,,,,,,,
Hospital Centenario ,HOSPITAL,Testeo,Darrieux,577,,,,Centenario ,NEUQUÉN,,(0299)4898862/1849,,,,,,,,
Hospital Chos Malal,HOSPITAL,Testeo,Estanislao Flores,650,,,,Chos Malal,NEUQUÉN,,(02948)421400,,,,,,,,
Hospital El Chocón,HOSPITAL ,Testeo,Acceso Villa el Chocòn,,,,,El Chocón,NEUQUÉN,,(0299)4901292/343,,,,,,,,
Hospital El Cholar,HOSPITAL ,Testeo    ,Gûemes,S/N,,,,El Cholar ,NEUQUÉN,,(02948)492900,,,,,,,,
Hospital El Huecu,HOSPITAL ,Testeo,Gûemes,S/N,,,,El Huecu ,NEUQUÉN,,(0294)491011,,,,,,,,
Hospital Junín de los Andes,HOSPITAL,Testeo,Ginès Ponte ,157,,,,Junín de los Andes,NEUQUÉN,,(O2972)491162/1555,,,,,,,,
Hospital Las Lajas,HOSPITAL,Testeo,Roca,269,,,,Las Lajas,NEUQUÉN,,(02942)499044/27,,,,,,,,
Hospital Las Ovejas,HOSPITAL,Testeo,Paseo Dr. Gorni,S/N,,,,Las Ovejas ,NEUQUÉN,,(02948)481103,,,,,,,,
Hospital Loncopue,HOSPITAL ,Testeo,Avenida San Martin ,S/N,,,,Loncopue,NEUQUÉN,,(02942)498038/48,,,,,,,,
Hospital Las Coloradas,HOSPITAL ,Testeo    ,Manzana 7 Lotes A.B.C y D.,,,,,,NEUQUÉN,,(02942)495026,,,,,,,,
Hospital Mariano Moreno,HOSPITAL,Testeo,Belgrano ,S/N,,,,Mariano Moreno,NEUQUÉN,,(02942)490112,,,,,,,,
Hospital Picún Leufu,HOSPITAL,Testeo,Entre Rios,S/N,,,,Picún Leufu,NEUQUÉN,,(02942)4992022,,,,,,,,
Hospital Piedra del Aguila,HOSPITAL ,Testeo,9 de Julio y Rivadavia,,,,,Piedra del Aguila,NEUQUÉN,,(02942)4931141,,,,,,,,
Hospital Plaza Huincul,HOSPITAL,Testeo,Bº  Otaño,,,,,Plaza Huincul,NEUQUÉN,,(0299)4964955/7107,,,,,,,,
Hospital Plottier,HOSPITAL,Testeo,Martellotta y Chos Malal,,,,,Plottier,NEUQUÉN,,(0299)4933157/6097,,,,,,,,
Hospital R.D.L. Sauces,HOSPITAL,Testeo    ,Jujuy ,47,,,,Río de los Sauces,NEUQUÉN,,(0299)4886041/13,,,,,,,,
Hospital S.P. del Chañar,HOSPITAL,Testeo,Calle 27,,,Bº Obrero,,San Patricio del Chañar,NEUQUÉN,,(0299)4855024/84,,,,,,,,
Hospital San Martín de lo Andes,HOSPITAL ,Testeo    ,Coronel Rodhle ,813,,,,San Martín de los Andes,NEUQUÉN,,(02972)427211/8542,,,,,,,,
Hospital Senillosa,HOSPITAL,Testeo,Neuquèn,,,y Santa Fè,,Senillosa,NEUQUÉN,,(0299)4920626/534,,,,,,,,
Hospital Tricao Malal,HOSPITAL,Testeo,Volcan Tromen,S/N,,,,Tricao Malal,NEUQUÉN,,(02948)497900,,,,,,,,
Hospital Zapala,HOSPITAL,Testeo,Luis Monti,155,,,,Zapala,NEUQUÉN,,(02942)430035/2390,,,,,,,,
Hospital Cinco Saltos ,HOSPITAL ,Testeo    ,Martín Fierro ,845,,,,Cinco Saltos,RÍO NEGRO,,(0299)4981333/4980336,,,,,,,,
Hospital Dr. F. López Lima,HOSPITAL,Testeo,Gelonch,S/N,,,,Gnal. Roca,RÍO NEGRO,,(02941)435848/435856/54,,,,,,,,
Hospital A.Zatti-Unidad de Sida y ETSH,"HOSPITAL, (El Galpon)",Testeo,Rivadavia,391,,,,Viedma,RÍO NEGRO,,(02920)425434-423267,,,,,,,,
"Hospital Dr. Elías Smirnoff - Consejería en
VIH-sida “El Garage”","HOSPITAL,(El Garage)",Testeo,3 de Febrero,494,,,,Villa Regina,RÍO NEGRO,,(02941)461262-463706,,,,,,,,
Hospital Dr.Francisco López Lima,HOSPITAL,Testeo,Gelonch,S/N G,,,,General Roca,RÍO NEGRO,,(0298)4435848/4435856,,,,,,,,
Hospital Dr.Ernesto Accame,HOSPITAL,Testeo,Ingeniero Quesnel,S/N,,,,Allen,RÍO NEGRO,,(0298)4452530/4453650,,,,,,,,
Hospital Dr. Elias Smirnoff,HOSPITAL,Testeo,Fray Luis Beltrán,476,,,,Villa Regina,RÍO NEGRO,,(0298)4461262)4463706,,,,,,,,
Hospital Dr. Pedro Moguillansky,HOSPITAL,Testeo,Naciones Unidas,,,e/Falucho y Venezuela,,Cipolletti,RÍO NEGRO,,(0299)4792563/4770030,,,,,,,,
Hospital Catriel,HOSPITAL,Testeo    ,España ,50,,,,Catriel,RÍO NEGRO,,(0299)4911102/4911298,,,,,,,,
Hospital Cinco Saltos ,HOSPITAL,Testeo,Martin Fierro ,845,,,,Cinco Saltos,RÍO NEGRO,,(0299)4981333/4980336,,,,,,,,
Hospital Choele Choel,HOSPITAL,Testeo,Avenida San Martín,1319,,,,Choele Choel,RÍO NEGRO,,(02946)442219/443139,,,,,,,,
Hospital Río Colorado,HOSPITAL ,Testeo    ,España ,555,,,,Rio Colorado,RÍO NEGRO,,(02931)432222/432600,,,,,,,,
Hospital Enfermero Artemides Zatti,HOSPITAL,Testeo,Rivadavia,391,,,,Viedma,RÍO NEGRO,,(02920)425907/423267,,,,,,,,
Hospital Dr. Héctor Monteoliva,HOSPITAL,Testeo,Sarmiento,285,,,,Gnal. Conesa,RÍO NEGRO,,(02931)498111,,,,,,,,
Hospital Dr. Anibal Serra,HOSPITAL,Testeo,Avenida Belgrado ,1799,,,,San Antonio Oeste,RÍO NEGRO,,(02934)421211/430472,,,,,,,,
Hospital Dr. Osvaldo Bianchi,HOSPITAL,Testeo,Diagonal ,S/N,,,,Sierra Grande,RÍO NEGRO,,(02934)481092,,,,,,,,
Hospital Valcheta,HOSPITAL ,Testeo,Leandro N. Alem,S/N,,,,Valcheta,RÍO NEGRO,,(02934)493232/493107,,,,,,,,
Hospital Dr. Ramon Carrillo,HOSPITAL,Testeo,Moreno ,601,,,,San Carlos De Bariloche,RÍO NEGRO,,(02944)426117/424495,,,,,,,,
Hospital El Bolsón,HOSPITAL,Testeo,Perito Moreno,S/N,,,,El Bolson,RÍO NEGRO,,(02944)493681/483396,,,,,,,,
Hospital Dr.Rogelio Cortizo,HOSPITAL,Testeo,Julio A Roca.,475,,,,Ing. Jacobacci,RÍO NEGRO,,(02940)432439/432076,,,,,,,,
Hospital Chimpay,HOSPITAL,Testeo,Don Bosco,S/N,,,,Chimpay,RÍO NEGRO,,(02946)494500-494725,,,,,,,,
Hospital Las Grutas,HOSPITAL,Testeo,,,,,,Las Grutas,RÍO NEGRO,,(02934)497100,,,,,,,,
Hospital Dr. Carlo Ratti,HOSPITAL,Testeo,Rio Negro,616,,,,Ingeniero Huergo,RÍO NEGRO,,(0298)4480070/4480534,,,,,,,,
Hospital Dr. Jorge Rebock,HOSPITAL,Testeo,Rivadavia,250,,,,Lamarque,RÍO NEGRO,,(02946)497039,,,,,,,,
Hospital Dr. Orencio Calleja,HOSPITAL,Testeo,Sarmiento,S/N,,,,Maquinchao,RÍO NEGRO,,(02940)491031,,,,,,,,
Hospital Dr. Néstor Perrone,HOSPITAL,Testeo,San Martín,456,,,,Los Menucos,RÍO NEGRO,,(02940)492004,,,,,,,,
Hospital Cnel Belisle,HOSPITAL,Testeo,Avenida Belisle,S/N,,,,Cnel Belisle,RÍO NEGRO,,(02946)492031,,,,,,,,
Hospital Chichinales,HOSPITAL,Testeo,,,,,,Chichinales,RÍO NEGRO,,(0298)4491171,,,,,,,,
Hospital Dr.Fernando Rocha,HOSPITAL,Testeo,Vicente López y Planes ,773,,,,Luis Belgrano,RÍO NEGRO,,(02946)480116/480323,,,,,,,,
Centro de Salud Nº 1,HOSPITAL,Testeo,Fleming,,,y Huergo,,Capital,SALTA,,(0387)4342037,,,,,,,,
Centro de Salud Nº 15   ,HOSPITAL,Testeo,Houssay,,,y Cánepa,,Capital,SALTA,,(0387)4250917,,,,,,,,
La Casa de Los Jóvenes,,,Pasaje Zorrilla,225,,,,Capital,SALTA,,(0387)4314074,,,,,,,,
Centro de Salud Nº 27,,,Rad.Splendi,,,y Romero,,Capital,SALTA,,(0387)4240899,,,,,,,,
Centro de Salud Nº 29,,,Río Carapari,2200,,,,Capital,SALTA,,(0387)4350191,,,,,,,,
Hospital Luis A. Güemes,HOSPITAL,Testeo,Sarmiento,,,y Gûemes,,Aguaray,SALTA,,(03875)460027/460029,,,,,,,,
Hospital Ramón Villafañe,HOSPITAL,Testeo,Pasaje Peyrotti,179,,,,Apolinario Saravia,SALTA,,(03877)493100/493034,,,,,,,,
Hospital Joaquin Corvalàn,HOSPITAL,Testeo,Mariano Moreno,19,,,,Barrio de Lerma,SALTA,,(03877)493100/493034,,,,,,,,
Hospital San José,HOSPITAL ,Testeo,Avenida B. Sorrilla,S/N,,,,Cachi,SALTA,,(03866)491085,,,,,,,,
Hospital Nuestra Sra. Del Rosario,HOSPITAL,Testeo,Vicario Toscano,215,,,,Cafayate,SALTA,,(03868)421094,,,,,,,,
Hospital Campo Quijano,HOSPITAL ,Testeo,A. Argentina,S/N,,,,Campo Quijano,SALTA,,4904-171,,,,,,,,
Hospital Niño Jesús Praga,HOSPITAL,Testeo,Sarmiento,625,,,,Capital,SALTA,,,,,,,,,,
Hospital Ragone   ,HOSPITAL,Testeo,General Richieri ,S/N,,,,Capital ,SALTA,,(0387)4280430,,,,,,,,
Hospital Materno Infancia,HOSPITAL,Testeo,A. Güemes,600,,,,Capital,SALTA,,(0387)4214170,,,,,,,,
Nuevo Hospital del Milagro ,HOSPITAL,Testeo,Avenida Sarmiento,,,e/Aniceto Latorre y Arenales,,Capital,SALTA,,(0387)4317400,,,,,,,,
Hospital San Bernardo,HOSPITAL,Testeo,Josè Tobias,69,,,,Capital,SALTA,,(0387)4211571,,,,,,,,
Hospital Sr. Del Milagro,HOSPITAL ,Testeo,Sarmiento,557,,,,Capital ,SALTA,,,,,,,,,,
Hospital Coronel Moldes,HOSPITAL,Testeo,J.J.Urquiza,S/N,,,,Cnel Moldes,SALTA,,4905043,,,,,,,,
Hospital San Rafael,HOSPITAL,Testeo,San Rafael ,445,,,,El Carril,SALTA,,4908036,,,,,,,,
Hospital San Fco. Solano,HOSPITAL,Testeo,Gnal. Gûemes,292,,,,El Galpon,SALTA,,(03876)491024,,,,,,,,
Hospital San Roque,HOSPITAL,Testeo,Entre Rios 349,349,,,,Embarcaciòn,SALTA,,(03878)471015/471309,,,,,,,,
Hospital Guachipas,HOSPITAL,Testeo,E. Romano,S/N,,,,Guachipas,SALTA,,4991027,,,,,,,,
Hospital Joaquin Castellanos,HOSPITAL,Testeo,Carret,S/N,,,,Gûemes,SALTA,,(03876)4911117/4911008,,,,,,,,
Hospital Ramón Carrillo,HOSPITAL,Testeo,San Martín,S/N,,,,Iruya,SALTA,,(0388)4782001,,,,,,,,
Hospital H. Costas,HOSPITAL,Testeo,Gnal. Güemes,S/N,,,,J.V. Gonzalez,SALTA,,(03877)421683,,,,,,,,
Hospital Dr. Lazone,HOSPITAL,Testeo,,,,,,La Merced,SALTA,,,,,,,,,,
Hospital La Viña,HOSPITAL,Testeo,Avenida Belgrano ,S/N,,,,La Viña,SALTA,,4992031,,,,,,,,
Hospital Esp. B. de Aguirre,HOSPITAL,Testeo,Córdoba,184,,,,Las Lajitas,SALTA,,(03877)494072,,,,,,,,
Hospital del Carmen,HOSPITAL,Testeo    ,José Sierra,610,,,,Metàn,SALTA,,(03876)420288/420461,,,,,,,,
Hospital Gnal Mosconi,HOSPITAL,Testeo,Juan XXlll,S/N,,,,Mosconi,SALTA,,(03875)481111,,,,,,,,
Hospital San Vicente de Paul,HOSPITAL,Testeo,Pueyrredón,701,,,,Oran,SALTA,,78-421107/421699/421746,,,,,,,,
Hospital Vicente Arroyabe,HOSPITAL,Testeo,Rivadavia,747,,,,Pichanal,SALTA,,(03878)493012,, ,,,,,,
Hospital Enrique Romero,HOSPITAL,Testeo    ,Avenida San Martín,S/N,,,,Quebrachal,SALTA,,(03877)491128/491031,,,,,,,,
Hospital Francisco Herrero,HOSPITAL,Testeo,,,,,,Quijada,SALTA,,,,,,,,,,
Hospital M.F.cornejo,HOSPITAL,Testeo,Barrio de la Frontera,,,,,Rosario de la Frontera,SALTA,,(03786)481537/481008,,,,,,,,
Hospital Salvador Mazza,HOSPITAL,Testeo,España,,,y Monteagudo,,Salvador Mazza,SALTA,,(03875)471081,,,,,,,,
Hospital Elías Anna Colonia,HOSPITAL,Testeo,Independencia,524,,,,Santa Rosa,SALTA,,(03878)494118,,,,,,,,
Hospital Pte. Perón,HOSPITAL,Testeo,Avenida Alberdi,855,,,,Tartagal,SALTA,,(03875)422486/421648/05,,,,,,,,
C.S. Comandante Cabott,,,Mary O'Graham,56,,,,Bº Comandante Cabot,SAN JUAN,,(0264)4276758,,,,,,,,
C.S. Dr. Alfonso Barassi,,,Matías Zaballa,,,y San Lorenzo,,Bº del Carmen,SAN JUAN,,-4231922,,,,,,,,
C.S. Dr. René Favaloro,,,Tierra del Fuego,,,y Sarmiento,,Bº Residencial,SAN JUAN,,4240924,,,,,,,,
Hospital Dr. Guillermo Rawson,HOSPITAL,Testeo,Avenida Rawson Sur,568,,,,Capital,SAN JUAN,,4223108/4227099,,,,,,,,
Hospital Dr. Guillermo Rawson,HOSPITAL,Testeo    ,Avenida Rawson Sur,494,,,,Capital,SAN JUAN,,4223108/4227099,Martes y Jueves de 20 hs a 0 hs,,,,,,,Centro de Testeo de VIH e ITS para poblaciòn de diversidad sexual y trabajo sexual
CIC Pocito,,,Lemos,,,y Prolongación C. Picasso,Bº Salvador Norte,Pocito ,SAN JUAN,,,,,,,,,,
Hospital Dr. Marcial Quiroga,HOSPITAL,Testeo,Avenida Libertador San Martin,,,y Rastreador Calivar,,Rivadavia,SAN JUAN,,4330872/4330970,,,,,,,,
C.S. Dr. Ramón Carrillo,,,San Martín,1558,,y Rodríguez,,Vº Paula A.de Sarmiento,SAN JUAN,,4312612,,,,,,,,
C.S. Ullum,,,Valentin Ruiz,S/N,,,,Vº Ibañez-Ullum,SAN JUAN,,4943008,,,,,,,,
C.S. Santa Rosa,,,25 de Mayo,,,y Mitre,,Vº Santa Rosa,SAN JUAN,,4978014,,,,,,,,
Hospital de Barreal,HOSPITAL ,Testeo,Las Heras ,S/N,,,,Barreal,SAN JUAN,,(02648)4441060,,,,,,,,
Hospital Dr. Algo Cantoni,HOSPITAL,Testeo,Avenida Argentina         ,S/N,,,,Calingasta,SAN JUAN,,(02648)4421012,,,,,,,,
Hospital Dr. César Aguilar,HOSPITAL,Testeo,Juan José Bustos,S/N,,,,Caucete,SAN JUAN,,4961226/4961110/4961272,,,,,,,,
Hospital San Roque,HOSPITAL,Testeo,25 de Mayo,853,,,,Jachal,SAN JUAN,,(02647)420300/420055,,,,,,,,
Hospital Dr. Ventura Lloveras,HOSPITAL,Testeo,25 de Mayo ,S/N,,,,Media Agua,SAN JUAN,,4941004,,,,,,,,
Hospital Tomás Perón de Rodeo,HOSPITAL,Testeo,Santo Domingo ,S/N,,,,Rodeo,SAN JUAN,,(02647)493045,,,,,,,,
Micro Hospital Dra. Stella Molina,HOSPITAL,Testeo,Avenida Sarmiento,,,y Godoy,,San Martín,SAN JUAN,,4971216,,,,,,,,
"Micro Hospital ""José Giordano""",HOSPITAL,Testeo,Rawson,,,y La Paz,,San Martín,SAN JUAN,,4911002,,,,,,,,
Micro Hospital Mons.Ricardo Baez Laspiur,HOSPITAL ,Testeo,Sarmiento,,,y López Pelaez,,Va. El Salvador,SAN JUAN,,4315415/16,,,,,,,,
Hospital Dr. Alejandro Albarracín,HOSPITAL,Testeo,Gral. Acha,,,y 25 de Mayo,,Va. San Agustín,SAN JUAN,,(02646)420188,,,,,,,,
Hospital Dr. Alfredo Rizo Esparza,HOSPITAL,Testeo    ,Sarmiento,225,,,,Vº El Salvador,SAN JUAN,,4972018/4972237,,,,,,,,
Laboratorio Hospital del Sur,HOSPITAL,Testeo,José Zabala,126,,,Barrio Manuel Lezcano,Ciudad de San Luis,SAN LUIS,,(0266)455004,,,,,,,,
Laboratorio Del Hospital Maria Becker,HOSPITAL,Testeo,Lote Número 5,,,e/calle 8 y Avenida Serrana,,Ciudad de la Punta ,SAN LUIS,,(0266)455002,,,,,,,,
Laboratorio Del Hospital del Cerro de la Cruz,HOSPITAL ,Testeo,Barrio Cerro de la Cruz,Manzana 314,,,Barrio Cerro de la Cruz,Ciudad de San Luis,SAN LUIS,,(0266)429205,,,,,,,,
Laboratorio Centro de Salud Hanna Abadìa,HOSPITAL,Testeo,Martín de Loyola,535,,,,Ciudad de San Luis,SAN LUIS,,(0266)425402/452000 Int 5034,,,,,,,,
Hospital San Luis Ctro. De Referencia VIH e ITS,HOSPITAL,Testeo,Héroes de Malvinas ,110,,, ,Ciudad de San Luis,SAN LUIS,,(02652)425025 int. 128,,,,,,,,Centro de Referencia Provincial de VIH-Sida e ITS.
Laboratorio del Centro Periférico Nº 3 CAP.,HOSPITAL ,Testeo,Junín ,,,y Falucho,,Ciudad de San Luis,SAN LUIS,,(0266)455014,,,,,,,,
Laboratorio del Hospital del Oeste-CAP,HOSPITAL,Testeo,Manzana 161,,,,Barrio CGT,Ciudad de San Luis,SAN LUIS,,(0266)424698/452000 Int.5036,,,,,,,,
Laboratorio Hospital de Quines,HOSPITAL,Testeo,Sarmiento,S/N,,y San José,,Quines,SAN LUIS,,(2651)455200,,,,,,,,
CAPs Dr. René Favaloro,HOSPITAL,Testeo,Dr. Mestre,,,y Braulio Moyano,Barrio Colón,Villa Mercedes,SAN LUIS,,"(02657)452000, Int. 5415",,,,,,,,
Laboratorio del Policlínico Regional Juan D.Perón,HOSPITAL,Testeo,Maipú,450,,,,Villa Mercedes,SAN LUIS,,"(02657)421415, Int. 170",,,,,,,,
"Hospital de Día ""Dr.Suárez Rocha""",HOSPITAL,Testeo,Manzana 6031,,,,Barrio Jardín del Sur,Villa del Sur,SAN LUIS,,(02657)455404,,,,,,,,
"Hospital de Día ""Dr.Braulio Moyano""",HOSPITAL,Testeo,Manzana 7090,,,,Complejo Urbanístico La Ribera,Villa Mercedes,SAN LUIS,,(02652)455437,,,,,,,,
Laboratorio Hospital Juana Koslay,HOSPITAL,Testeo,Multitrocha Tte.Juan Domingo Perón,,,y Rosendo Hernández,,Ciudad Juana Koslay,SAN LUIS,,(0266)4452000 Int.5726/5725,,,,,,,,
Hospital de Referencia Eva Perón,HOSPITAL,Testeo,Tomás Ferrari,1289,,,,Villa Mercedes,SAN LUIS,,(02657)452000 Int.6819/6820,,,,,,,,
Laboratorio del Hospital de Naschel,HOSPITAL,Testeo,Belgrano,,,y Lafinur,,Naschel,SAN LUIS,,(02656)491040/452000 (5310),,,,,,,,
Lalcec,,,Jose Ingenieros,,,y San Martin,,,SANTA CRUZ,,,,,,,,,,
Consejería Pto. Santa Cruz,,,,,,,,Puerto San Cruz,SANTA CRUZ,,,,,,,,,,
Consejería Rio Gallegos,,,,,,,,Rio Gallegos,SANTA CRUZ,,,,,,,,,,Consultorio 26
Centro María de Belén Nº 3,,,Alvear,,,y Los Pozos,,Rio Gallegos,SANTA CRUZ,,(02966)431600/428970,,,,,,,,
Cruz Roja Filial Río Gallegos,,,Pasteur,24,,,,Rio Gallegos,SANTA CRUZ,,,,,,,,,,
Consejería Río Turbio,,,,,,,,Rio Turbio,SANTA CRUZ,,,,,,,,,,Consultorio 11
Hospital 28 de Noviembre,HOSPITAL,Testeo,Rio Negro,,,y 9 de Julio,,28 de Noviembre,SANTA CRUZ,,(02902)482121/482122,,,,,,,,
Hospital Zonal Caleta Olivia,HOSPITAL,Testeo,Avenida Perón,,,y Velez Sarfield,,Caleta Olivia,SANTA CRUZ,,,,,,,,,,
Hospital Comandante Luis Piedra Buena ,HOSPITAL,Testeo,Saenz Peña   ,S/N,,,,Comandante Luis Piedrabuena,SANTA CRUZ,,,,,,,,,,
Hospital Gobernador Gregores,HOSPITAL ,Testeo,Paradelo,1025,,,,Gobernador Gregores,SANTA CRUZ,,(02962)491001/491027,, ,,,,,,
Hospital Las Heras,HOSPITAL,Testeo,28 de Noviembre,S/N,,,,Las Heras,SANTA CRUZ,,,,,,,,,,
Hospital Los Antiguos,HOSPITAL,Testeo,Patagonia Argentina ,98,,,,Los Antiguos,SANTA CRUZ,,(02963)491303,,,,,,,,
Hospital Perito Moreno,HOSPITAL,Testeo,Colòn,1237,,,,Perito Moreno,SANTA CRUZ,,(02963)423045,,,,,,,,
Hospital Pico Truncado,HOSPITAL,Testeo,Velez Sarfield,305,,,,Pico Truncado,SANTA CRUZ,,,,,,,,,,
Hospital Puerto Deseado,HOSPITAL,Testeo,Avenida España ,991,,,,Puerto Deseado,SANTA CRUZ,,,,,,,,,,
Hospital Puerto Santa Cruz,HOSPITAL,Testeo,Salta,430,,,,Puerto Santa Cruz,SANTA CRUZ,,,,,,,,,,
Hospital Regional Río Gallegos ,HOSPITAL,Testeo,Jose Ingenieros  ,85,,,,Rio Gallegos,SANTA CRUZ,,,,,,,,,,
Hospital Río Turbio,HOSPITAL,Testeo,Gendarmeria Nacional,126,,,,Rio Turbio,SANTA CRUZ,,(02902)421335/421273,,,,,,,,
Hospital Puerto San Julián,HOSPITAL,Testeo,Avenida Costanera,,,y El Cano,,San Juliàn,SANTA CRUZ,,,,,,,,,,
Hospital Ferré,HOSPITAL ,Testeo,Lisandro de La Torre,737,,,,Rafaela,SANTA FE,,(0342)421621/421721/427624,,,,,,,,
Hospital Stuki de Rieri,HOSPITAL ,Testeo,Bernardo de Irigoyen ,11580,,,,Reconquista,SANTA FE,,-3482420042,,,,,,,,
Hospital Provincial Alem,HOSPITAL,Testeo,Alem     ,1450,,,,Rosario  ,SANTA FE,,,,,,,,,,
Programa Municipal de Sida Rosario,HOSPITAL,Testeo,Moreno,,1º Piso,y San Luis (Ex Maternidad Martin),,Rosario,SANTA FE,,4802189,,,,,,,,
Hospital Centenario ,HOSPITAL,Testeo,Urquiza ,3100,,,,Rosario,SANTA FE,,(0341)4807540,"Lunes,Miercoles,Viernes de 10 a 14 hs,Martes,Jueves,Sabados de 15 a 17 hs",,todosdiversos@hotmail.com,,,,,"Coordinado por Vox,Centro de Testeo deVIH e ITS para poblaciòn de la Diversidad Sexual y trabajo sexual.Consejeria"
Hospital Iturraspe,HOSPITAL ,Testeo    ,Pellegrini,3500,,,,,SANTA FE,,(0342)4560002,,,,,,,,
Centro de Salud Uni,,,"Alicia Moreau De Justo (Predio Uni-Ate,costanera Este)",S/N,,,,,SANTA FE,,(0342)4571216/4571217,Lunes a Viernes de 8.30 a 10.30 hs (Horario de extracciòn),,centrodesaluduni@gmail.com,,,,,Realizaciòn del Test. Asesoramiento (Pre y Post). Entrega de Preservativos y folleteria
Hospital Eva Peron,HOSPITAL ,Testeo,Ruta 11,S/N,,,,Baigorria,SANTA FE,,(0341)4711828,,,,,,,,
Hospital San Carlos ,HOSPITAL,Testeo    ,9 de Julio,2351,,,,Casilda,SANTA FE,,(03464)4221107,,,,,,,,
CEMAR,,,San Luis y Moreno ,,,,,Rosario,SANTA FE,,,,,,,,,,
Centro de Salud San Vicente de Paul,,,Pasaje del Indio,8555,,,,Rosario,SANTA FE,,,,,,,,,,
Vox Asociaciòn Civil,,,Entre Rios  ,1087,P.A.,,,Rosario ,SANTA FE,,4485713,Confirmar por Telefono,,,,,,,
Centro de Salud Casiano Casas,,,Avenida C. Casas,970,,,,Rosario ,SANTA FE,,,,,,,,,,
Centro de Salud Henry Dunant,,,Tte. Agneta,1535,,,,Rosario ,SANTA FE,,,,,,,,,,
O.F.E.S,,,San Lorenzo ,4244,,,,Rosario ,SANTA FE,,(0341)4373633,,,,,,,,
Centro de Salud Las Flores,,,Flor de Nàcar,6872,,,,Rosario ,SANTA FE,,,,,,,,,,
Centro de Salud San Martin,,,Chubut,7145,,,,Rosario ,SANTA FE,,,,,,,,,,
Hospital Carrasco,HOSPITAL,Testeo,Avellaneda,1402,,,,Rosario,SANTA FE,,,,,,,,,,
Hospital Roque Saenz Peña,HOSPITAL ,Testeo,Laprida,5381,,,,Rosario ,SANTA FE,,(0341)4809141,,,,,,,,
Centro de Salud Luis Pasteur,,,Ayolas,270,,,,Rosario ,SANTA FE,,,,,,,,,,
Hospital Alberdi,HOSPITAL ,Testeo,Avenida Puccio,575,,,,Rosario ,SANTA FE,,(0341)4806177,,,,,,,,
Hospital Rufino,HOSPITAL,Testeo,Alem Vieira,1261,,,,Rufino,SANTA FE,,(03382)428408,,,,,,,,
Voluntarios Contra el Sida,,,Pasco ,1840,,,,Rosario ,SANTA FE,,(0341)4823553,,,,,,,,
Hospital San Lorenzo,HOSPITAL ,Testeo,Ricchieri,347,  ,,,San Lorenzo,SANTA FE,,(03476)422404,,,,,,,,
Hospital Cullen,HOSPITAL,Testeo,Avenida Freire,2150,,,,,SANTA FE,,(0342)4596821,,,,,,,,
CIPRESS,,Testeo,San Lorenzo ,3052,,,,,SANTA FE,,(0342)4562614/,Viernes de 19 a 20 hs,,comité_joven@hotmail.com,,,,,Centro interdisciplinario de Prevenciòn de Enfermedades de Transmisiòn Sexual y  Sida.
Centro de Salud B. Champagna,,,Castellanos,3935,,,,Rosario ,SANTA FE ,,,,,,,,,,
Hospital Regional,HOSPITAL,Testeo,Belgrano,2269,,,,,SANTIAGO DEL ESTERO,,(0385)4213251,,,,,,,,
Hospital Independencia,HOSPITAL ,Testeo,Belgrano Norte,665,,,,Capital ,SANTIAGO DEL ESTERO,,(0385)4213251,,,,,,,,
Hospital de Niños Eva Peròn,HOSPITAL,Testeo,Saenz Peña ,340,,,,Capital ,SANTIAGO DEL ESTERO,,(0385)4211889,,,,,,,,
Hospital Frias,HOSPITAL ,Testeo,Depto. Choya-Frias,,,,,Depto.Choya-Frias,SANTIAGO DEL ESTERO,,(0385)4421642,,,,,,,,
Hospital Dr.Bernardo Houssay ,HOSPITAL ,Testeo,Depto. Moreno- Ciudad de Quimili,,,,,Depto.Moreno-Ciudad de Quimili,SANTIAGO DEL ESTERO,,(0384)3421012,,,,,,,,
Hospital Añatuya,HOSPITAL ,Testeo,Depto. Taboada-Añatuya,,,,,Depto. Taboada-Añatuya,SANTIAGO DEL ESTERO,,(0384)4421034,,,,,,,,
Hospital Maternidad Banda,HOSPITAL ,Testeo,España,,,y Rivadavia,,La Banda,SANTIAGO DEL ESTERO,,(0385)4272776,,,,,,,,
Hospital Regiona Ushuaia,HOSPITAL,Testeo,Avenidad 12 de Octubre ,,,y Maipú,,Usuhaia,TIERRA DEL FUEGO,,(02901)423200/441000,,,,,,,,
Hospital Regional Rio Grande,HOSPITAL,Testeo,Ameghino,755,,,,Rio Grande ,TIERRA DEL FUEGO,,(02964)422086/422088/430,,,,,,,,
Consultorio de Asesoramiento y Testeo VIH,,Testeo ,Belgrano,350,,,  ,Rio Grande ,TIERRA DEL FUEGO,,(02964)427811,Viernes de 9 a 11 hs,,,,,,,Responsable Dra Patricia Padinger/ Dra.Ariana Benetucci
Centro Asistencial Tolhuin-Rio Grande          ,,Testeo,Avenida de los Shelknans,243,,,,Rio Grande ,TIERRA DEL FUEGO,,(02964)492121,,,,,,,,
Unidad Coordinadora VIH y Laboratorio para VHI,,Testeo,Avenida República del Libano,950,,,,Capital ,TUCUMÁN,,,,,,,,,,
ASPE. Acción social para Estudiantes Universitarios,,Testeo,Jujuy ,457,,,,Capital,TUCUMÁN,,,,,,,,,,
"Caps. ""Ginés González García""",,,Ramón,102,,y Cajal,,Capital,TUCUMÁN,,,,,,,,,,
Caps. San José,,,Independencia,90,,,,Depto.Yerba Buena. San Jose,TUCUMÁN,,,,,,,,,,
Hospital Santa Rita,HOSPITAL ,Testeo,Avenida  Eva Perón,Al 300,,,,"Depto. Cruz Alta, Lastenia",TUCUMÁN,,,,,,,,,,
Hospital Eliseo Cantón,HOSPITAL ,Testeo,Belgrano,Al 300,,,San Isidro de Lules,Depto. Lules,TUCUMÁN,,,,,,,,,,
Policlinica La Banda,HOSPITAL ,Testeo,Diagona Paz,,,y 9 de Julio,,La Banda Cruz Alta,TUCUMÁN,,,,,,,,,,
Hospital Angel C. Padilla, HOSPITAL,Testeo,Alberdi,550,,,,Capital,TUCUMÁN,,(0381)4200969,,,,,,,,
Hospital Central de la Salud Zenon J. Santillán,HOSPITAL ,Testeo,Avenida Avellaneda,Al 700,,,,Capital ,TUCUMÁN,,,,,,,,,,
Instituto de Maternidad Ntra.Sra de las Mercedes,HOSPITAL ,Testeo ,Avenida Mate de Luna,1535,,,,Capital ,TUCUMÁN,,(0381)4230208,,,,,,,,
"Hospital ""Nicolas Avellaneda""",HOSPITAL,Testeo,Catamarca,Al 2200,,,,Capital,TUCUMÁN,,,,,,,,,,
Caps. San Cayetano-Area Op.Se,,,Luis Agote ,500,,,,Capital ,TUCUMÁN,,,,,,,,,,
Hospital del Niños Jesus,HOSPITAL ,Testeo ,Pasaje Hungria,,,y Chacabuco,,Capital ,TUCUMÁN,,,,,,,,,,
Caps.Villalonga-Area Op.So,,,San Luis,1600,,,,Capital ,TUCUMÁN,,,,,,,,,,
Caps.San Rafael-Area Op.Ne,,,Sargento Cabral ,80,,,,Capital ,TUCUMÁN,,,,,,,,,,
Caps. G.G.García-Area Op.No,,,Ramon,109,,y Cajal,,Capital ,TUCUMÁN,,,,,,,,,,
Hospital Juan M. Obarrio ,HOSPITAL ,Testeo ,San Miguel ,1650,,,,Capital ,TUCUMÁN,,(0381)4330781,,,,,,,,
Hospital Regional de Concepción Miguel Belascuain,HOSPITAL,Testeo,San Luis    ,150,,,,Concepciòn,TUCUMÁN,,(03865)421784,,,,,,,,
Hospital Burruyacu,HOSPITAL ,Testeo ,Independencia,,,y Belgrano,,Depto.Burruyacu,TUCUMÁN,,,,,,,,,,
Hospital Santa Rosa de Leales ,HOSPITAL ,Testeo,,,,,Santa Rosa de Leales,Depto.Leales,TUCUMÁN,,,,,,,,,,
Caps. Alderetes,,,Urquiza,,,y Caseros,,Dept.Cruz Alta-Alderetes,TUCUMÁN,,,,,,,,,,
Hospital Garmendia,HOSPITAL ,Testeo,,,,,Gobernador Garmendia,Depto.Burruyacu,TUCUMÁN,,,,,,,,,,
Hospital El Bracho,HOSPITAL ,Testeo,Calle Principal,,,,El Bracho,Depto.Cruz Alta,TUCUMÁN,,,,,,,,,,
Hospital Estacion Araoz,HOSPITAL,Testeo,,,,,Estaciòn Araoz,Depto. Cruz Alta  ,TUCUMÁN,,,,,,,,,,
Hospital Los Ralos,HOSPITAL,Testeo,,,,,Los Ralos ,Depto. Cruz Alta,TUCUMÁN,,,,,,,,,,
Hospital Graneros,HOSPITAL,Testeo,Avenida Compañía ,550,,,,Depto. Graneros,TUCUMÁN,,72471467,,,,,,,,
Hospital Centro de Salud Aguilares,HOSPITAL ,Testeo,Alberdi,,,y Avellaneda,Aguilares,Depto. Rio Chico,TUCUMÁN,,(03865)481343,,,,,,,,
Hospital Alvaro Gómez Llueca,HOSPITAL ,Testeo,Alvaro Gómez Llueca,100,,,,Depto. Simoca,TUCUMÁN,,(03863)481044,,,,,,,,
Asistencia Pública Tafi Viejo,,,Centenario ,424,,,,Depto. Tafi Viejo,TUCUMÁN,,4613994,,,,,,,,
Hospital Trancas,HOSPITAL ,Testeo,Avenida Hipólito Irigoyen,163,,,,Depto. Trancas,TUCUMÁN,,(03862)21106,,,,,,,,
Hospital Dr. Parajón Ortiz,HOSPITAL ,Testeo,Belgrano,210,,,,Famailla,TUCUMÁN,,(03863)51038,,,,,,,,
Hospital Juan B. Alberdi,HOSPITAL,Testeo ,Belgrano ,851,,,Juan Bautista Alberdi,Depto.Alberdi,TUCUMÁN,,(03865)471023/471772,,,,,,,,
Hospital Mario V. Stivala,HOSPITAL ,Testeo,San Martin ,S/N,,,,La Cocha ,TUCUMÁN,,,,,,,,,,
Hospital  General La Madrid,HOSPITAL ,Testeo,Sarmiento ,453,,,,Monteros,TUCUMÁN,,,,,,,,,,
Hospital Ranchillos,HOSPITAL ,Testeo ,S/N,,,,Ranchillos,Depto. Cruz Alta,TUCUMÁN,,,,,,,,,,
Hospital San Pablo ,HOSPITAL,Testeo,Avenida Principal  ,107,,,San Pablo ,Depto. Lules,TUCUMÁN,,,,,,,,,,
Hospital Santa Ana,HOSPITAL ,Testeo,San Martin y Pellegrini ,,,,Santa Ana ,Depto.Chicligasta,TUCUMÁN,,(03865)493030,,,,,,,,
Hospital Tafi Del Valle ,HOSPITAL ,Testeo ,Avenida Martin M. de Güemes,S/N,,,,Tafi Del Valle ,TUCUMÁN,,(03867)421031,,,,,,,,